library,id_str,sequence,library_value,info,plant,part,glyphosate,phosphorus,plot,treatment,samplecode,timepoint
s1l1,IonXpress_1,CTAAGGTAAC,1,K10KaJ,Oat,Root,Control,No-phosphorus,1,Control_No-phosphorus,s1l1_1_CTAAGGTAAC,Early
s1l1,IonXpress_2,TAAGGAGAAC,2,G30KaJ,Oat,Root,Glyphosate,No-phosphorus,3,Glyphosate_No-phosphorus,s1l1_2_TAAGGAGAAC,Early
s1l1,IonXpress_3,AAGAGGATTC,3,K5FKaJ,Oat,Root,Control,Phosphorus,5,Control_Phosphorus,s1l1_3_AAGAGGATTC,Early
s1l1,IonXpress_4,TACCAAGATC,4,G8FKaJ,Oat,Root,Glyphosate,Phosphorus,8,Glyphosate_Phosphorus,s1l1_4_TACCAAGATC,Early
s1l1,IonXpress_5,CAGAAGGAAC,5,K100KaL,Oat,Leaf,Control,No-phosphorus,10,Control_No-phosphorus,s1l1_5_CAGAAGGAAC,Early
s1l1,IonXpress_6,CTGCAAGTTC,6,K1FKaL,Oat,Leaf,Control,Phosphorus,1,Control_Phosphorus,s1l1_6_CTGCAAGTTC,Early
s1l1,IonXpress_7,TTCGTGATTC,7,G3FKaL,Oat,Leaf,Glyphosate,Phosphorus,3,Glyphosate_Phosphorus,s1l1_7_TTCGTGATTC,Early
s1l1,IonXpress_8,TTCCGATAAC,8,K50PeJ,Potato,Root,Control,No-phosphorus,5,Control_No-phosphorus,s1l1_8_TTCCGATAAC,Early
s1l1,IonXpress_9,TGAGCGGAAC,9,K20KaJ,Oat,Root,Control,No-phosphorus,2,Control_No-phosphorus,s1l1_9_TGAGCGGAAC,Early
s1l1,IonXpress_10,CTGACCGAAC,10,G40KaJ,Oat,Root,Glyphosate,No-phosphorus,4,Glyphosate_No-phosphorus,s1l1_10_CTGACCGAAC,Early
s1l1,IonXpress_11,TCCTCGAATC,NA,NA,NA,NA,NA,NA,NA,NA,s1l1_NA_TCCTCGAATC,Early
s1l1,IonXpress_12,TAGGTGGTTC,12,G9FKaJ,Oat,Root,Glyphosate,Phosphorus,9,Glyphosate_Phosphorus,s1l1_12_TAGGTGGTTC,Early
s1l1,IonXpress_13,TCTAACGGAC,13,K110KaL,Oat,Leaf,Control,No-phosphorus,11,Control_No-phosphorus,s1l1_13_TCTAACGGAC,Early
s1l1,IonXpress_14,TTGGAGTGTC,14,K2FKaL,Oat,Leaf,Control,Phosphorus,2,Control_Phosphorus,s1l1_14_TTGGAGTGTC,Early
s1l1,IonXpress_15,TCTAGAGGTC,15,G4FKaL,Oat,Leaf,Glyphosate,Phosphorus,4,Glyphosate_Phosphorus,s1l1_15_TCTAGAGGTC,Early
s1l1,IonXpress_16,TCTGGATGAC,16,K60PeJ,Potato,Root,Control,No-phosphorus,6,Control_No-phosphorus,s1l1_16_TCTGGATGAC,Early
s1l1,IonXpress_17,TCTATTCGTC,17,K30KaJ,Oat,Root,Control,No-phosphorus,3,Control_No-phosphorus,s1l1_17_TCTATTCGTC,Early
s1l1,IonXpress_18,AGGCAATTGC,18,G50KaJ,Oat,Root,Glyphosate,No-phosphorus,5,Glyphosate_No-phosphorus,s1l1_18_AGGCAATTGC,Early
s1l1,IonXpress_19,TTAGTCGGAC,19,K8FKaJ,Oat,Root,Control,Phosphorus,8,Control_Phosphorus,s1l1_19_TTAGTCGGAC,Early
s1l1,IonXpress_20,CAGATCCATC,20,G10FKaJ,Oat,Root,Glyphosate,Phosphorus,10,Glyphosate_Phosphorus,s1l1_20_CAGATCCATC,Early
s1l1,IonXpress_21,TCGCAATTAC,21,G10KaL,Oat,Leaf,Glyphosate,No-phosphorus,1,Glyphosate_No-phosphorus,s1l1_21_TCGCAATTAC,Early
s1l1,IonXpress_22,TTCGAGACGC,22,K3FKaL,Oat,Leaf,Control,Phosphorus,3,Control_Phosphorus,s1l1_22_TTCGAGACGC,Early
s1l1,IonXpress_23,TGCCACGAAC,23,G5FKaL,Oat,Leaf,Glyphosate,Phosphorus,5,Glyphosate_Phosphorus,s1l1_23_TGCCACGAAC,Early
s1l1,IonXpress_24,AACCTCATTC,24,K80PeJ,Potato,Root,Control,No-phosphorus,8,Control_No-phosphorus,s1l1_24_AACCTCATTC,Early
s1l1,IonXpress_25,CCTGAGATAC,25,K40KaJ,Oat,Root,Control,No-phosphorus,4,Control_No-phosphorus,s1l1_25_CCTGAGATAC,Early
s1l1,IonXpress_26,TTACAACCTC,26,G60KaJ,Oat,Root,Glyphosate,No-phosphorus,6,Glyphosate_No-phosphorus,s1l1_26_TTACAACCTC,Early
s1l1,IonXpress_27,AACCATCCGC,27,K9FKaJ,Oat,Root,Control,Phosphorus,9,Control_Phosphorus,s1l1_27_AACCATCCGC,Early
s1l1,IonXpress_28,ATCCGGAATC,28,G11FKaJ,Oat,Root,Glyphosate,Phosphorus,11,Glyphosate_Phosphorus,s1l1_28_ATCCGGAATC,Early
s1l1,IonXpress_29,TCGACCACTC,29,G20KaL,Oat,Leaf,Glyphosate,No-phosphorus,2,Glyphosate_No-phosphorus,s1l1_29_TCGACCACTC,Early
s1l1,IonXpress_30,CGAGGTTATC,30,K4FKaL,Oat,Leaf,Control,Phosphorus,4,Control_Phosphorus,s1l1_30_CGAGGTTATC,Early
s1l1,IonXpress_31,TCCAAGCTGC,31,G6FKaL,Oat,Leaf,Glyphosate,Phosphorus,6,Glyphosate_Phosphorus,s1l1_31_TCCAAGCTGC,Early
s1l1,IonXpress_32,TCTTACACAC,32,K90PeJ,Potato,Root,Control,No-phosphorus,9,Control_No-phosphorus,s1l1_32_TCTTACACAC,Early
s1l1,IonXpress_33,TTCTCATTGAAC,33,K50KaJ,Oat,Root,Control,No-phosphorus,5,Control_No-phosphorus,s1l1_33_TTCTCATTGAAC,Early
s1l1,IonXpress_34,TCGCATCGTTC,34,G80KaJ,Oat,Root,Glyphosate,No-phosphorus,8,Glyphosate_No-phosphorus,s1l1_34_TCGCATCGTTC,Early
s1l1,IonXpress_35,TAAGCCATTGTC,35,K10FKaJ,Oat,Root,Control,Phosphorus,10,Control_Phosphorus,s1l1_35_TAAGCCATTGTC,Early
s1l1,IonXpress_36,AAGGAATCGTC,36,K10KaL,Oat,Leaf,Control,No-phosphorus,1,Control_No-phosphorus,s1l1_36_AAGGAATCGTC,Early
s1l1,IonXpress_37,CTTGAGAATGTC,37,G30KaL,Oat,Leaf,Glyphosate,No-phosphorus,3,Glyphosate_No-phosphorus,s1l1_37_CTTGAGAATGTC,Early
s1l1,IonXpress_38,TGGAGGACGGAC,38,K5FKaL,Oat,Leaf,Control,Phosphorus,5,Control_Phosphorus,s1l1_38_TGGAGGACGGAC,Early
s1l1,IonXpress_39,TAACAATCGGC,39,G8FKaL,Oat,Leaf,Glyphosate,Phosphorus,8,Glyphosate_Phosphorus,s1l1_39_TAACAATCGGC,Early
s1l1,IonXpress_40,CTGACATAATC,40,K100PeJ,Potato,Root,Control,No-phosphorus,10,Control_No-phosphorus,s1l1_40_CTGACATAATC,Early
s1l1,IonXpress_41,TTCCACTTCGC,41,K60KaJ,Oat,Root,Control,No-phosphorus,6,Control_No-phosphorus,s1l1_41_TTCCACTTCGC,Early
s1l1,IonXpress_42,AGCACGAATC,42,G90KaJ,Oat,Root,Glyphosate,No-phosphorus,9,Glyphosate_No-phosphorus,s1l1_42_AGCACGAATC,Early
s1l1,IonXpress_43,CTTGACACCGC,43,K11FKaJ,Oat,Root,Control,Phosphorus,11,Control_Phosphorus,s1l1_43_CTTGACACCGC,Early
s1l1,IonXpress_44,TTGGAGGCCAGC,44,K20KaL,Oat,Leaf,Control,No-phosphorus,2,Control_No-phosphorus,s1l1_44_TTGGAGGCCAGC,Early
s1l1,IonXpress_45,TGGAGCTTCCTC,45,G40KaL,Oat,Leaf,Glyphosate,No-phosphorus,4,Glyphosate_No-phosphorus,s1l1_45_TGGAGCTTCCTC,Early
s1l1,IonXpress_46,TCAGTCCGAAC,46,K6FKaL,Oat,Leaf,Control,Phosphorus,6,Control_Phosphorus,s1l1_46_TCAGTCCGAAC,Early
s1l1,IonXpress_47,TAAGGCAACCAC,47,G9FKaL,Oat,Leaf,Glyphosate,Phosphorus,9,Glyphosate_Phosphorus,s1l1_47_TAAGGCAACCAC,Early
s1l1,IonXpress_48,TTCTAAGAGAC,48,K110PeJ,Potato,Root,Control,No-phosphorus,11,Control_No-phosphorus,s1l1_48_TTCTAAGAGAC,Early
s1l1,IonXpress_49,TCCTAACATAAC,49,K80KaJ,Oat,Root,Control,No-phosphorus,8,Control_No-phosphorus,s1l1_49_TCCTAACATAAC,Early
s1l1,IonXpress_50,CGGACAATGGC,50,G100KaJ,Oat,Root,Glyphosate,No-phosphorus,10,Glyphosate_No-phosphorus,s1l1_50_CGGACAATGGC,Early
s1l1,IonXpress_51,TTGAGCCTATTC,51,G1FKaJ,Oat,Root,Glyphosate,Phosphorus,1,Glyphosate_Phosphorus,s1l1_51_TTGAGCCTATTC,Early
s1l1,IonXpress_52,CCGCATGGAAC,52,K30KaL,Oat,Leaf,Control,No-phosphorus,3,Control_No-phosphorus,s1l1_52_CCGCATGGAAC,Early
s1l1,IonXpress_53,CTGGCAATCCTC,53,G50KaL,Oat,Leaf,Glyphosate,No-phosphorus,5,Glyphosate_No-phosphorus,s1l1_53_CTGGCAATCCTC,Early
s1l1,IonXpress_54,CCGGAGAATCGC,54,K8FKaL,Oat,Leaf,Control,Phosphorus,8,Control_Phosphorus,s1l1_54_CCGGAGAATCGC,Early
s1l1,IonXpress_55,TCCACCTCCTC,55,G10FKaL,Oat,Leaf,Glyphosate,Phosphorus,10,Glyphosate_Phosphorus,s1l1_55_TCCACCTCCTC,Early
s1l1,IonXpress_56,CAGCATTAATTC,56,G10PeJ,Potato,Root,Glyphosate,No-phosphorus,1,Glyphosate_No-phosphorus,s1l1_56_CAGCATTAATTC,Early
s1l1,IonXpress_57,TCTGGCAACGGC,57,K90KaJ,Oat,Root,Control,No-phosphorus,9,Control_No-phosphorus,s1l1_57_TCTGGCAACGGC,Early
s1l1,IonXpress_58,TCCTAGAACAC,58,G110KaJ,Oat,Root,Glyphosate,No-phosphorus,11,Glyphosate_No-phosphorus,s1l1_58_TCCTAGAACAC,Early
s1l1,IonXpress_59,TCCTTGATGTTC,59,G2FKaJ,Oat,Root,Glyphosate,Phosphorus,2,Glyphosate_Phosphorus,s1l1_59_TCCTTGATGTTC,Early
s1l1,IonXpress_60,TCTAGCTCTTC,60,K40KaL,Oat,Leaf,Control,No-phosphorus,4,Control_No-phosphorus,s1l1_60_TCTAGCTCTTC,Early
s1l1,IonXpress_61,TCACTCGGATC,61,G60KaL,Oat,Leaf,Glyphosate,No-phosphorus,6,Glyphosate_No-phosphorus,s1l1_61_TCACTCGGATC,Early
s1l1,IonXpress_62,TTCCTGCTTCAC,62,K9FKaL,Oat,Leaf,Control,Phosphorus,9,Control_Phosphorus,s1l1_62_TTCCTGCTTCAC,Early
s1l1,IonXpress_63,CCTTAGAGTTC,63,G11FKaL,Oat,Leaf,Glyphosate,Phosphorus,11,Glyphosate_Phosphorus,s1l1_63_CCTTAGAGTTC,Early
s1l1,IonXpress_64,CTGAGTTCCGAC,64,G20PeJ,Potato,Root,Glyphosate,No-phosphorus,2,Glyphosate_No-phosphorus,s1l1_64_CTGAGTTCCGAC,Early
s1l1,IonXpress_65,TCCTGGCACATC,65,K100KaJ,Oat,Root,Control,No-phosphorus,10,Control_No-phosphorus,s1l1_65_TCCTGGCACATC,Early
s1l1,IonXpress_66,CCGCAATCATC,66,K1FKaJ,Oat,Root,Control,Phosphorus,1,Control_Phosphorus,s1l1_66_CCGCAATCATC,Early
s1l1,IonXpress_67,TTCCTACCAGTC,67,G3FKaJ,Oat,Root,Glyphosate,Phosphorus,3,Glyphosate_Phosphorus,s1l1_67_TTCCTACCAGTC,Early
s1l1,IonXpress_68,TCAAGAAGTTC,68,K50KaL,Oat,Leaf,Control,No-phosphorus,5,Control_No-phosphorus,s1l1_68_TCAAGAAGTTC,Early
s1l1,IonXpress_69,TTCAATTGGC,69,G80KaL,Oat,Leaf,Glyphosate,No-phosphorus,8,Glyphosate_No-phosphorus,s1l1_69_TTCAATTGGC,Early
s1l1,IonXpress_70,CCTACTGGTC,70,K10FKaL,Oat,Leaf,Control,Phosphorus,10,Control_Phosphorus,s1l1_70_CCTACTGGTC,Early
s1l1,IonXpress_71,TGAGGCTCCGAC,71,K10PeJ,Potato,Root,Control,No-phosphorus,1,Control_No-phosphorus,s1l1_71_TGAGGCTCCGAC,Early
s1l1,IonXpress_72,CGAAGGCCACAC,72,G30PeJ,Potato,Root,Glyphosate,No-phosphorus,3,Glyphosate_No-phosphorus,s1l1_72_CGAAGGCCACAC,Early
s1l1,IonXpress_73,TCTGCCTGTC,73,K110KaJ,Oat,Root,Control,No-phosphorus,11,Control_No-phosphorus,s1l1_73_TCTGCCTGTC,Early
s1l1,IonXpress_74,CGATCGGTTC,74,K2FKaJ,Oat,Root,Control,Phosphorus,2,Control_Phosphorus,s1l1_74_CGATCGGTTC,Early
s1l1,IonXpress_75,TCAGGAATAC,75,G4FKaJ,Oat,Root,Glyphosate,Phosphorus,4,Glyphosate_Phosphorus,s1l1_75_TCAGGAATAC,Early
s1l1,IonXpress_76,CGGAAGAACCTC,76,K60KaL,Oat,Leaf,Control,No-phosphorus,6,Control_No-phosphorus,s1l1_76_CGGAAGAACCTC,Early
s1l1,IonXpress_77,CGAAGCGATTC,77,G90KaL,Oat,Leaf,Glyphosate,No-phosphorus,9,Glyphosate_No-phosphorus,s1l1_77_CGAAGCGATTC,Early
s1l1,IonXpress_78,CAGCCAATTCTC,78,K11FKaL,Oat,Leaf,Control,Phosphorus,11,Control_Phosphorus,s1l1_78_CAGCCAATTCTC,Early
s1l1,IonXpress_79,CCTGGTTGTC,79,K20PeJ,Potato,Root,Control,No-phosphorus,2,Control_No-phosphorus,s1l1_79_CCTGGTTGTC,Early
s1l1,IonXpress_80,TCGAAGGCAGGC,80,G40PeJ,Potato,Root,Glyphosate,No-phosphorus,4,Glyphosate_No-phosphorus,s1l1_80_TCGAAGGCAGGC,Early
s1l1,IonXpress_81,CCTGCCATTCGC,81,G10KaJ,Oat,Root,Glyphosate,No-phosphorus,1,Glyphosate_No-phosphorus,s1l1_81_CCTGCCATTCGC,Early
s1l1,IonXpress_82,TTGGCATCTC,82,K3FKaJ,Oat,Root,Control,Phosphorus,3,Control_Phosphorus,s1l1_82_TTGGCATCTC,Early
s1l1,IonXpress_83,CTAGGACATTC,83,G5FKaJ,Oat,Root,Glyphosate,Phosphorus,5,Glyphosate_Phosphorus,s1l1_83_CTAGGACATTC,Early
s1l1,IonXpress_84,CTTCCATAAC,84,K80KaL,Oat,Leaf,Control,No-phosphorus,8,Control_No-phosphorus,s1l1_84_CTTCCATAAC,Early
s1l1,IonXpress_85,CCAGCCTCAAC,85,G100KaL,Oat,Leaf,Glyphosate,No-phosphorus,10,Glyphosate_No-phosphorus,s1l1_85_CCAGCCTCAAC,Early
s1l1,IonXpress_86,CTTGGTTATTC,86,G1FKaL,Oat,Leaf,Glyphosate,Phosphorus,1,Glyphosate_Phosphorus,s1l1_86_CTTGGTTATTC,Early
s1l1,IonXpress_87,TTGGCTGGAC,87,K30PeJ,Potato,Root,Control,No-phosphorus,3,Control_No-phosphorus,s1l1_87_TTGGCTGGAC,Early
s1l1,IonXpress_88,CCGAACACTTC,NA,NA,NA,NA,NA,NA,NA,NA,s1l1_NA_CCGAACACTTC,Early
s1l1,IonXpress_89,TCCTGAATCTC,89,G20KaJ,Oat,Root,Glyphosate,No-phosphorus,2,Glyphosate_No-phosphorus,s1l1_89_TCCTGAATCTC,Early
s1l1,IonXpress_90,CTAACCACGGC,90,K4FKaJ,Oat,Root,Control,Phosphorus,4,Control_Phosphorus,s1l1_90_CTAACCACGGC,Early
s1l1,IonXpress_91,CGGAAGGATGC,91,G6FKaJ,Oat,Root,Glyphosate,Phosphorus,6,Glyphosate_Phosphorus,s1l1_91_CGGAAGGATGC,Early
s1l1,IonXpress_92,CTAGGAACCGC,92,K90KaL,Oat,Leaf,Control,No-phosphorus,9,Control_No-phosphorus,s1l1_92_CTAGGAACCGC,Early
s1l1,IonXpress_93,CTTGTCCAATC,93,G110KaL,Oat,Leaf,Glyphosate,No-phosphorus,11,Glyphosate_No-phosphorus,s1l1_93_CTTGTCCAATC,Early
s1l1,IonXpress_94,TCCGACAAGC,94,G2FKaL,Oat,Leaf,Glyphosate,Phosphorus,2,Glyphosate_Phosphorus,s1l1_94_TCCGACAAGC,Early
s1l1,IonXpress_95,CGGACAGATC,95,K40PeJ,Potato,Root,Control,No-phosphorus,4,Control_No-phosphorus,s1l1_95_CGGACAGATC,Early
s1l1,IonXpress_96,TTAAGCGGTC,NA,NA,NA,NA,NA,NA,NA,NA,s1l1_NA_TTAAGCGGTC,Early
s1l2,IonXpress_1,CTAAGGTAAC,1,G50PeJ,Potato,Root,Glyphosate,No-phosphorus,5,Glyphosate_No-phosphorus,s1l2_1_CTAAGGTAAC,Early
s1l2,IonXpress_2,TAAGGAGAAC,2,K8FPeJ,Potato,Root,Control,Phosphorus,8,Control_Phosphorus,s1l2_2_TAAGGAGAAC,Early
s1l2,IonXpress_3,AAGAGGATTC,3,G10FPeJ,Potato,Root,Glyphosate,Phosphorus,10,Glyphosate_Phosphorus,s1l2_3_AAGAGGATTC,Early
s1l2,IonXpress_4,TACCAAGATC,4,G10PeL,Potato,Leaf,Glyphosate,No-phosphorus,1,Glyphosate_No-phosphorus,s1l2_4_TACCAAGATC,Early
s1l2,IonXpress_5,CAGAAGGAAC,5,K3FPeL,Potato,Leaf,Control,Phosphorus,3,Control_Phosphorus,s1l2_5_CAGAAGGAAC,Early
s1l2,IonXpress_6,CTGCAAGTTC,6,G5FPeL,Potato,Leaf,Glyphosate,Phosphorus,5,Glyphosate_Phosphorus,s1l2_6_CTGCAAGTTC,Early
s1l2,IonXpress_7,TTCGTGATTC,7,K80BJ,Faba-bean,Root,Control,No-phosphorus,8,Control_No-phosphorus,s1l2_7_TTCGTGATTC,Early
s1l2,IonXpress_8,TTCCGATAAC,8,G100BJ,Faba-bean,Root,Glyphosate,No-phosphorus,10,Glyphosate_No-phosphorus,s1l2_8_TTCCGATAAC,Early
s1l2,IonXpress_9,TGAGCGGAAC,9,G60PeJ,Potato,Root,Glyphosate,No-phosphorus,6,Glyphosate_No-phosphorus,s1l2_9_TGAGCGGAAC,Early
s1l2,IonXpress_10,CTGACCGAAC,10,K9FPeJ,Potato,Root,Control,Phosphorus,9,Control_Phosphorus,s1l2_10_CTGACCGAAC,Early
s1l2,IonXpress_11,TCCTCGAATC,11,G11FPeJ,Potato,Root,Glyphosate,Phosphorus,11,Glyphosate_Phosphorus,s1l2_11_TCCTCGAATC,Early
s1l2,IonXpress_12,TAGGTGGTTC,12,G20PeL,Potato,Leaf,Glyphosate,No-phosphorus,2,Glyphosate_No-phosphorus,s1l2_12_TAGGTGGTTC,Early
s1l2,IonXpress_13,TCTAACGGAC,13,K4FPeL,Potato,Leaf,Control,Phosphorus,4,Control_Phosphorus,s1l2_13_TCTAACGGAC,Early
s1l2,IonXpress_14,TTGGAGTGTC,14,G6FPeL,Potato,Leaf,Glyphosate,Phosphorus,6,Glyphosate_Phosphorus,s1l2_14_TTGGAGTGTC,Early
s1l2,IonXpress_15,TCTAGAGGTC,15,K90BJ,Faba-bean,Root,Control,No-phosphorus,9,Control_No-phosphorus,s1l2_15_TCTAGAGGTC,Early
s1l2,IonXpress_16,TCTGGATGAC,16,G110BJ,Faba-bean,Root,Glyphosate,No-phosphorus,11,Glyphosate_No-phosphorus,s1l2_16_TCTGGATGAC,Early
s1l2,IonXpress_17,TCTATTCGTC,17,G80PeJ,Potato,Root,Glyphosate,No-phosphorus,8,Glyphosate_No-phosphorus,s1l2_17_TCTATTCGTC,Early
s1l2,IonXpress_18,AGGCAATTGC,18,K10FPeJ,Potato,Root,Control,Phosphorus,10,Control_Phosphorus,s1l2_18_AGGCAATTGC,Early
s1l2,IonXpress_19,TTAGTCGGAC,19,K10PeL,Potato,Leaf,Control,No-phosphorus,1,Control_No-phosphorus,s1l2_19_TTAGTCGGAC,Early
s1l2,IonXpress_20,CAGATCCATC,20,G30PeL,Potato,Leaf,Glyphosate,No-phosphorus,3,Glyphosate_No-phosphorus,s1l2_20_CAGATCCATC,Early
s1l2,IonXpress_21,TCGCAATTAC,21,K5FPeL,Potato,Leaf,Control,Phosphorus,5,Control_Phosphorus,s1l2_21_TCGCAATTAC,Early
s1l2,IonXpress_22,TTCGAGACGC,NA,NA,NA,NA,NA,NA,NA,NA,s1l2_NA_TTCGAGACGC,Early
s1l2,IonXpress_23,TGCCACGAAC,23,K100BJ,Faba-bean,Root,Control,No-phosphorus,10,Control_No-phosphorus,s1l2_23_TGCCACGAAC,Early
s1l2,IonXpress_24,AACCTCATTC,24,K10BL,Faba-bean,Leaf,Control,No-phosphorus,1,Control_No-phosphorus,s1l2_24_AACCTCATTC,Early
s1l2,IonXpress_25,CCTGAGATAC,25,G90PeJ,Potato,Root,Glyphosate,No-phosphorus,9,Glyphosate_No-phosphorus,s1l2_25_CCTGAGATAC,Early
s1l2,IonXpress_26,TTACAACCTC,26,K11FPeJ,Potato,Root,Control,Phosphorus,11,Control_Phosphorus,s1l2_26_TTACAACCTC,Early
s1l2,IonXpress_27,AACCATCCGC,27,K20PeL,Potato,Leaf,Control,No-phosphorus,2,Control_No-phosphorus,s1l2_27_AACCATCCGC,Early
s1l2,IonXpress_28,ATCCGGAATC,28,G40PeL,Potato,Leaf,Glyphosate,No-phosphorus,4,Glyphosate_No-phosphorus,s1l2_28_ATCCGGAATC,Early
s1l2,IonXpress_29,TCGACCACTC,29,K6FPeL,Potato,Leaf,Control,Phosphorus,6,Control_Phosphorus,s1l2_29_TCGACCACTC,Early
s1l2,IonXpress_30,CGAGGTTATC,30,G9FPeL,Potato,Leaf,Glyphosate,Phosphorus,9,Glyphosate_Phosphorus,s1l2_30_CGAGGTTATC,Early
s1l2,IonXpress_31,TCCAAGCTGC,31,K110BJ,Faba-bean,Root,Control,No-phosphorus,11,Control_No-phosphorus,s1l2_31_TCCAAGCTGC,Early
s1l2,IonXpress_32,TCTTACACAC,32,K20BL,Faba-bean,Leaf,Control,No-phosphorus,2,Control_No-phosphorus,s1l2_32_TCTTACACAC,Early
s1l2,IonXpress_33,TTCTCATTGAAC,33,G100PeJ,Potato,Root,Glyphosate,No-phosphorus,10,Glyphosate_No-phosphorus,s1l2_33_TTCTCATTGAAC,Early
s1l2,IonXpress_34,TCGCATCGTTC,34,G1FPeJ,Potato,Root,Glyphosate,Phosphorus,1,Glyphosate_Phosphorus,s1l2_34_TCGCATCGTTC,Early
s1l2,IonXpress_35,TAAGCCATTGTC,35,K30PeL,Potato,Leaf,Control,No-phosphorus,3,Control_No-phosphorus,s1l2_35_TAAGCCATTGTC,Early
s1l2,IonXpress_36,AAGGAATCGTC,36,G50PeL,Potato,Leaf,Glyphosate,No-phosphorus,5,Glyphosate_No-phosphorus,s1l2_36_AAGGAATCGTC,Early
s1l2,IonXpress_37,CTTGAGAATGTC,37,K8FPeL,Potato,Leaf,Control,Phosphorus,8,Control_Phosphorus,s1l2_37_CTTGAGAATGTC,Early
s1l2,IonXpress_38,TGGAGGACGGAC,38,G10FPeL,Potato,Leaf,Glyphosate,Phosphorus,10,Glyphosate_Phosphorus,s1l2_38_TGGAGGACGGAC,Early
s1l2,IonXpress_39,TAACAATCGGC,39,G10BJ,Faba-bean,Root,Glyphosate,No-phosphorus,1,Glyphosate_No-phosphorus,s1l2_39_TAACAATCGGC,Early
s1l2,IonXpress_40,CTGACATAATC,40,K30BL,Faba-bean,Leaf,Control,No-phosphorus,3,Control_No-phosphorus,s1l2_40_CTGACATAATC,Early
s1l2,IonXpress_41,TTCCACTTCGC,41,G110PeJ,Potato,Root,Glyphosate,No-phosphorus,11,Glyphosate_No-phosphorus,s1l2_41_TTCCACTTCGC,Early
s1l2,IonXpress_42,AGCACGAATC,42,G2FPeJ,Potato,Root,Glyphosate,Phosphorus,2,Glyphosate_Phosphorus,s1l2_42_AGCACGAATC,Early
s1l2,IonXpress_43,CTTGACACCGC,43,K40PeL,Potato,Leaf,Control,No-phosphorus,4,Control_No-phosphorus,s1l2_43_CTTGACACCGC,Early
s1l2,IonXpress_44,TTGGAGGCCAGC,44,G60PeL,Potato,Leaf,Glyphosate,No-phosphorus,6,Glyphosate_No-phosphorus,s1l2_44_TTGGAGGCCAGC,Early
s1l2,IonXpress_45,TGGAGCTTCCTC,45,K9FPeL,Potato,Leaf,Control,Phosphorus,9,Control_Phosphorus,s1l2_45_TGGAGCTTCCTC,Early
s1l2,IonXpress_46,TCAGTCCGAAC,46,G11FPeL,Potato,Leaf,Glyphosate,Phosphorus,11,Glyphosate_Phosphorus,s1l2_46_TCAGTCCGAAC,Early
s1l2,IonXpress_47,TAAGGCAACCAC,47,G20BJ,Faba-bean,Root,Glyphosate,No-phosphorus,2,Glyphosate_No-phosphorus,s1l2_47_TAAGGCAACCAC,Early
s1l2,IonXpress_48,TTCTAAGAGAC,48,K40BL,Faba-bean,Leaf,Control,No-phosphorus,4,Control_No-phosphorus,s1l2_48_TTCTAAGAGAC,Early
s1l2,IonXpress_49,TCCTAACATAAC,49,K1FPeJ,Potato,Root,Control,Phosphorus,1,Control_Phosphorus,s1l2_49_TCCTAACATAAC,Early
s1l2,IonXpress_50,CGGACAATGGC,50,G3FPeJ,Potato,Root,Glyphosate,Phosphorus,3,Glyphosate_Phosphorus,s1l2_50_CGGACAATGGC,Early
s1l2,IonXpress_51,TTGAGCCTATTC,51,K50PeL,Potato,Leaf,Control,No-phosphorus,5,Control_No-phosphorus,s1l2_51_TTGAGCCTATTC,Early
s1l2,IonXpress_52,CCGCATGGAAC,52,G80PeL,Potato,Leaf,Glyphosate,No-phosphorus,8,Glyphosate_No-phosphorus,s1l2_52_CCGCATGGAAC,Early
s1l2,IonXpress_53,CTGGCAATCCTC,NA,NA,NA,NA,NA,NA,NA,NA,s1l2_NA_CTGGCAATCCTC,Early
s1l2,IonXpress_54,CCGGAGAATCGC,54,K10BJ,Faba-bean,Root,Control,No-phosphorus,1,Control_No-phosphorus,s1l2_54_CCGGAGAATCGC,Early
s1l2,IonXpress_55,TCCACCTCCTC,55,G30BJ,Faba-bean,Root,Glyphosate,No-phosphorus,3,Glyphosate_No-phosphorus,s1l2_55_TCCACCTCCTC,Early
s1l2,IonXpress_56,CAGCATTAATTC,56,K50BL,Faba-bean,Leaf,Control,No-phosphorus,5,Control_No-phosphorus,s1l2_56_CAGCATTAATTC,Early
s1l2,IonXpress_57,TCTGGCAACGGC,57,K2FPeJ,Potato,Root,Control,Phosphorus,2,Control_Phosphorus,s1l2_57_TCTGGCAACGGC,Early
s1l2,IonXpress_58,TCCTAGAACAC,58,G4FPeJ,Potato,Root,Glyphosate,Phosphorus,4,Glyphosate_Phosphorus,s1l2_58_TCCTAGAACAC,Early
s1l2,IonXpress_59,TCCTTGATGTTC,59,K60PeL,Potato,Leaf,Control,No-phosphorus,6,Control_No-phosphorus,s1l2_59_TCCTTGATGTTC,Early
s1l2,IonXpress_60,TCTAGCTCTTC,60,G90PeL,Potato,Leaf,Glyphosate,No-phosphorus,9,Glyphosate_No-phosphorus,s1l2_60_TCTAGCTCTTC,Early
s1l2,IonXpress_61,TCACTCGGATC,61,K11FPeL,Potato,Leaf,Control,Phosphorus,11,Control_Phosphorus,s1l2_61_TCACTCGGATC,Early
s1l2,IonXpress_62,TTCCTGCTTCAC,62,K20BJ,Faba-bean,Root,Control,No-phosphorus,2,Control_No-phosphorus,s1l2_62_TTCCTGCTTCAC,Early
s1l2,IonXpress_63,CCTTAGAGTTC,63,G40BJ,Faba-bean,Root,Glyphosate,No-phosphorus,4,Glyphosate_No-phosphorus,s1l2_63_CCTTAGAGTTC,Early
s1l2,IonXpress_64,CTGAGTTCCGAC,64,K60BL,Faba-bean,Leaf,Control,No-phosphorus,6,Control_No-phosphorus,s1l2_64_CTGAGTTCCGAC,Early
s1l2,IonXpress_65,TCCTGGCACATC,65,K3FPeJ,Potato,Root,Control,Phosphorus,3,Control_Phosphorus,s1l2_65_TCCTGGCACATC,Early
s1l2,IonXpress_66,CCGCAATCATC,66,G5FPeJ,Potato,Root,Glyphosate,Phosphorus,5,Glyphosate_Phosphorus,s1l2_66_CCGCAATCATC,Early
s1l2,IonXpress_67,TTCCTACCAGTC,67,K80PeL,Potato,Leaf,Control,No-phosphorus,8,Control_No-phosphorus,s1l2_67_TTCCTACCAGTC,Early
s1l2,IonXpress_68,TCAAGAAGTTC,68,G100PeL,Potato,Leaf,Glyphosate,No-phosphorus,10,Glyphosate_No-phosphorus,s1l2_68_TCAAGAAGTTC,Early
s1l2,IonXpress_69,TTCAATTGGC,69,G1FPeL,Potato,Leaf,Glyphosate,Phosphorus,1,Glyphosate_Phosphorus,s1l2_69_TTCAATTGGC,Early
s1l2,IonXpress_70,CCTACTGGTC,70,K30BJ,Faba-bean,Root,Control,No-phosphorus,3,Control_No-phosphorus,s1l2_70_CCTACTGGTC,Early
s1l2,IonXpress_71,TGAGGCTCCGAC,71,G50BJ,Faba-bean,Root,Glyphosate,No-phosphorus,5,Glyphosate_No-phosphorus,s1l2_71_TGAGGCTCCGAC,Early
s1l2,IonXpress_72,CGAAGGCCACAC,72,K80BL,Faba-bean,Leaf,Control,No-phosphorus,8,Control_No-phosphorus,s1l2_72_CGAAGGCCACAC,Early
s1l2,IonXpress_73,TCTGCCTGTC,73,K4FPeJ,Potato,Root,Control,Phosphorus,4,Control_Phosphorus,s1l2_73_TCTGCCTGTC,Early
s1l2,IonXpress_74,CGATCGGTTC,74,G6FPeJ,Potato,Root,Glyphosate,Phosphorus,6,Glyphosate_Phosphorus,s1l2_74_CGATCGGTTC,Early
s1l2,IonXpress_75,TCAGGAATAC,75,K90PeL,Potato,Leaf,Control,No-phosphorus,9,Control_No-phosphorus,s1l2_75_TCAGGAATAC,Early
s1l2,IonXpress_76,CGGAAGAACCTC,76,G110PeL,Potato,Leaf,Glyphosate,No-phosphorus,11,Glyphosate_No-phosphorus,s1l2_76_CGGAAGAACCTC,Early
s1l2,IonXpress_77,CGAAGCGATTC,77,G2FPeL,Potato,Leaf,Glyphosate,Phosphorus,2,Glyphosate_Phosphorus,s1l2_77_CGAAGCGATTC,Early
s1l2,IonXpress_78,CAGCCAATTCTC,78,K40BJ,Faba-bean,Root,Control,No-phosphorus,4,Control_No-phosphorus,s1l2_78_CAGCCAATTCTC,Early
s1l2,IonXpress_79,CCTGGTTGTC,79,G60BJ,Faba-bean,Root,Glyphosate,No-phosphorus,6,Glyphosate_No-phosphorus,s1l2_79_CCTGGTTGTC,Early
s1l2,IonXpress_80,TCGAAGGCAGGC,80,K90BL,Faba-bean,Leaf,Control,No-phosphorus,9,Control_No-phosphorus,s1l2_80_TCGAAGGCAGGC,Early
s1l2,IonXpress_81,CCTGCCATTCGC,81,K5FPeJ,Potato,Root,Control,Phosphorus,5,Control_Phosphorus,s1l2_81_CCTGCCATTCGC,Early
s1l2,IonXpress_82,TTGGCATCTC,82,G8FPeJ,Potato,Root,Glyphosate,Phosphorus,8,Glyphosate_Phosphorus,s1l2_82_TTGGCATCTC,Early
s1l2,IonXpress_83,CTAGGACATTC,83,K100PeL,Potato,Leaf,Control,No-phosphorus,10,Control_No-phosphorus,s1l2_83_CTAGGACATTC,Early
s1l2,IonXpress_84,CTTCCATAAC,84,K1FPeL,Potato,Leaf,Control,Phosphorus,1,Control_Phosphorus,s1l2_84_CTTCCATAAC,Early
s1l2,IonXpress_85,CCAGCCTCAAC,85,G3FPeL,Potato,Leaf,Glyphosate,Phosphorus,3,Glyphosate_Phosphorus,s1l2_85_CCAGCCTCAAC,Early
s1l2,IonXpress_86,CTTGGTTATTC,86,K50BJ,Faba-bean,Root,Control,No-phosphorus,5,Control_No-phosphorus,s1l2_86_CTTGGTTATTC,Early
s1l2,IonXpress_87,TTGGCTGGAC,87,G80BJ,Faba-bean,Root,Glyphosate,No-phosphorus,8,Glyphosate_No-phosphorus,s1l2_87_TTGGCTGGAC,Early
s1l2,IonXpress_88,CCGAACACTTC,NA,NA,NA,NA,NA,NA,NA,NA,s1l2_NA_CCGAACACTTC,Early
s1l2,IonXpress_89,TCCTGAATCTC,89,K6FPeJ,Potato,Root,Control,Phosphorus,6,Control_Phosphorus,s1l2_89_TCCTGAATCTC,Early
s1l2,IonXpress_90,CTAACCACGGC,90,G9FPeJ,Potato,Root,Glyphosate,Phosphorus,9,Glyphosate_Phosphorus,s1l2_90_CTAACCACGGC,Early
s1l2,IonXpress_91,CGGAAGGATGC,91,K110PeL,Potato,Leaf,Control,No-phosphorus,11,Control_No-phosphorus,s1l2_91_CGGAAGGATGC,Early
s1l2,IonXpress_92,CTAGGAACCGC,92,K2FPeL,Potato,Leaf,Control,Phosphorus,2,Control_Phosphorus,s1l2_92_CTAGGAACCGC,Early
s1l2,IonXpress_93,CTTGTCCAATC,93,G4FPeL,Potato,Leaf,Glyphosate,Phosphorus,4,Glyphosate_Phosphorus,s1l2_93_CTTGTCCAATC,Early
s1l2,IonXpress_94,TCCGACAAGC,94,K60BJ,Faba-bean,Root,Control,No-phosphorus,6,Control_No-phosphorus,s1l2_94_TCCGACAAGC,Early
s1l2,IonXpress_95,CGGACAGATC,95,G90BJ,Faba-bean,Root,Glyphosate,No-phosphorus,9,Glyphosate_No-phosphorus,s1l2_95_CGGACAGATC,Early
s1l2,IonXpress_96,TTAAGCGGTC,NA,NA,NA,NA,NA,NA,NA,NA,s1l2_NA_TTAAGCGGTC,Early
s1l3,IonXpress_1,CTAAGGTAAC,1,K100BL,Faba-bean,Leaf,Control,No-phosphorus,10,Control_No-phosphorus,s1l3_1_CTAAGGTAAC,Early
s1l3,IonXpress_2,TAAGGAGAAC,2,K10BN,Faba-bean,Nodule,Control,No-phosphorus,1,Control_No-phosphorus,s1l3_2_TAAGGAGAAC,Early
s1l3,IonXpress_3,AAGAGGATTC,3,G30BN,Faba-bean,Nodule,Glyphosate,No-phosphorus,3,Glyphosate_No-phosphorus,s1l3_3_AAGAGGATTC,Early
s1l3,IonXpress_4,TACCAAGATC,4,K5FBJ,Faba-bean,Root,Control,Phosphorus,5,Control_Phosphorus,s1l3_4_TACCAAGATC,Early
s1l3,IonXpress_5,CAGAAGGAAC,5,G8FBJ,Faba-bean,Root,Glyphosate,Phosphorus,8,Glyphosate_Phosphorus,s1l3_5_CAGAAGGAAC,Early
s1l3,IonXpress_6,CTGCAAGTTC,6,K10FBL,Faba-bean,Leaf,Control,Phosphorus,10,Control_Phosphorus,s1l3_6_CTGCAAGTTC,Early
s1l3,IonXpress_7,TTCGTGATTC,7,K1FBN,Faba-bean,Nodule,Control,Phosphorus,1,Control_Phosphorus,s1l3_7_TTCGTGATTC,Early
s1l3,IonXpress_8,TTCCGATAAC,8,G3FBN,Faba-bean,Nodule,Glyphosate,Phosphorus,3,Glyphosate_Phosphorus,s1l3_8_TTCCGATAAC,Early
s1l3,IonXpress_9,TGAGCGGAAC,9,K110BL,Faba-bean,Leaf,Control,No-phosphorus,11,Control_No-phosphorus,s1l3_9_TGAGCGGAAC,Early
s1l3,IonXpress_10,CTGACCGAAC,10,K20BN,Faba-bean,Nodule,Control,No-phosphorus,2,Control_No-phosphorus,s1l3_10_CTGACCGAAC,Early
s1l3,IonXpress_11,TCCTCGAATC,11,G40BN,Faba-bean,Nodule,Glyphosate,No-phosphorus,4,Glyphosate_No-phosphorus,s1l3_11_TCCTCGAATC,Early
s1l3,IonXpress_12,TAGGTGGTTC,12,K6FBJ,Faba-bean,Root,Control,Phosphorus,6,Control_Phosphorus,s1l3_12_TAGGTGGTTC,Early
s1l3,IonXpress_13,TCTAACGGAC,13,G9FBJ,Faba-bean,Root,Glyphosate,Phosphorus,9,Glyphosate_Phosphorus,s1l3_13_TCTAACGGAC,Early
s1l3,IonXpress_14,TTGGAGTGTC,14,K11FBL,Faba-bean,Leaf,Control,Phosphorus,11,Control_Phosphorus,s1l3_14_TTGGAGTGTC,Early
s1l3,IonXpress_15,TCTAGAGGTC,15,K2FBN,Faba-bean,Nodule,Control,Phosphorus,2,Control_Phosphorus,s1l3_15_TCTAGAGGTC,Early
s1l3,IonXpress_16,TCTGGATGAC,16,G4FBN,Faba-bean,Nodule,Glyphosate,Phosphorus,4,Glyphosate_Phosphorus,s1l3_16_TCTGGATGAC,Early
s1l3,IonXpress_17,TCTATTCGTC,17,G10BL,Faba-bean,Leaf,Glyphosate,No-phosphorus,1,Glyphosate_No-phosphorus,s1l3_17_TCTATTCGTC,Early
s1l3,IonXpress_18,AGGCAATTGC,18,K30BN,Faba-bean,Nodule,Control,No-phosphorus,3,Control_No-phosphorus,s1l3_18_AGGCAATTGC,Early
s1l3,IonXpress_19,TTAGTCGGAC,19,G50BN,Faba-bean,Nodule,Glyphosate,No-phosphorus,5,Glyphosate_No-phosphorus,s1l3_19_TTAGTCGGAC,Early
s1l3,IonXpress_20,CAGATCCATC,20,K8FBJ,Faba-bean,Root,Control,Phosphorus,8,Control_Phosphorus,s1l3_20_CAGATCCATC,Early
s1l3,IonXpress_21,TCGCAATTAC,21,G10FBJ,Faba-bean,Root,Glyphosate,Phosphorus,10,Glyphosate_Phosphorus,s1l3_21_TCGCAATTAC,Early
s1l3,IonXpress_22,TTCGAGACGC,22,G1FBL,Faba-bean,Leaf,Glyphosate,Phosphorus,1,Glyphosate_Phosphorus,s1l3_22_TTCGAGACGC,Early
s1l3,IonXpress_23,TGCCACGAAC,23,K3FBN,Faba-bean,Nodule,Control,Phosphorus,3,Control_Phosphorus,s1l3_23_TGCCACGAAC,Early
s1l3,IonXpress_24,AACCTCATTC,24,G5FBN,Faba-bean,Nodule,Glyphosate,Phosphorus,5,Glyphosate_Phosphorus,s1l3_24_AACCTCATTC,Early
s1l3,IonXpress_25,CCTGAGATAC,25,G20BL,Faba-bean,Leaf,Glyphosate,No-phosphorus,2,Glyphosate_No-phosphorus,s1l3_25_CCTGAGATAC,Early
s1l3,IonXpress_26,TTACAACCTC,26,K40BN,Faba-bean,Nodule,Control,No-phosphorus,4,Control_No-phosphorus,s1l3_26_TTACAACCTC,Early
s1l3,IonXpress_27,AACCATCCGC,27,G60BN,Faba-bean,Nodule,Glyphosate,No-phosphorus,6,Glyphosate_No-phosphorus,s1l3_27_AACCATCCGC,Early
s1l3,IonXpress_28,ATCCGGAATC,28,K9FBJ,Faba-bean,Root,Control,Phosphorus,9,Control_Phosphorus,s1l3_28_ATCCGGAATC,Early
s1l3,IonXpress_29,TCGACCACTC,29,G11FBJ,Faba-bean,Root,Glyphosate,Phosphorus,11,Glyphosate_Phosphorus,s1l3_29_TCGACCACTC,Early
s1l3,IonXpress_30,CGAGGTTATC,30,G2FBL,Faba-bean,Leaf,Glyphosate,Phosphorus,2,Glyphosate_Phosphorus,s1l3_30_CGAGGTTATC,Early
s1l3,IonXpress_31,TCCAAGCTGC,31,K4FBN,Faba-bean,Nodule,Control,Phosphorus,4,Control_Phosphorus,s1l3_31_TCCAAGCTGC,Early
s1l3,IonXpress_32,TCTTACACAC,32,G6FBN,Faba-bean,Nodule,Glyphosate,Phosphorus,6,Glyphosate_Phosphorus,s1l3_32_TCTTACACAC,Early
s1l3,IonXpress_33,TTCTCATTGAAC,33,G30BL,Faba-bean,Leaf,Glyphosate,No-phosphorus,3,Glyphosate_No-phosphorus,s1l3_33_TTCTCATTGAAC,Early
s1l3,IonXpress_34,TCGCATCGTTC,34,K50BN,Faba-bean,Nodule,Control,No-phosphorus,5,Control_No-phosphorus,s1l3_34_TCGCATCGTTC,Early
s1l3,IonXpress_35,TAAGCCATTGTC,35,G80BN,Faba-bean,Nodule,Glyphosate,No-phosphorus,8,Glyphosate_No-phosphorus,s1l3_35_TAAGCCATTGTC,Early
s1l3,IonXpress_36,AAGGAATCGTC,36,K10FBJ,Faba-bean,Root,Control,Phosphorus,10,Control_Phosphorus,s1l3_36_AAGGAATCGTC,Early
s1l3,IonXpress_37,CTTGAGAATGTC,37,K1FBL,Faba-bean,Leaf,Control,Phosphorus,1,Control_Phosphorus,s1l3_37_CTTGAGAATGTC,Early
s1l3,IonXpress_38,TGGAGGACGGAC,38,G3FBL,Faba-bean,Leaf,Glyphosate,Phosphorus,3,Glyphosate_Phosphorus,s1l3_38_TGGAGGACGGAC,Early
s1l3,IonXpress_39,TAACAATCGGC,39,K5FBN,Faba-bean,Nodule,Control,Phosphorus,5,Control_Phosphorus,s1l3_39_TAACAATCGGC,Early
s1l3,IonXpress_40,CTGACATAATC,40,G8FBN,Faba-bean,Nodule,Glyphosate,Phosphorus,8,Glyphosate_Phosphorus,s1l3_40_CTGACATAATC,Early
s1l3,IonXpress_41,TTCCACTTCGC,41,G40BL,Faba-bean,Leaf,Glyphosate,No-phosphorus,4,Glyphosate_No-phosphorus,s1l3_41_TTCCACTTCGC,Early
s1l3,IonXpress_42,AGCACGAATC,42,K60BN,Faba-bean,Nodule,Control,No-phosphorus,6,Control_No-phosphorus,s1l3_42_AGCACGAATC,Early
s1l3,IonXpress_43,CTTGACACCGC,43,G90BN,Faba-bean,Nodule,Glyphosate,No-phosphorus,9,Glyphosate_No-phosphorus,s1l3_43_CTTGACACCGC,Early
s1l3,IonXpress_44,TTGGAGGCCAGC,44,K11FBJ,Faba-bean,Root,Control,Phosphorus,11,Control_Phosphorus,s1l3_44_TTGGAGGCCAGC,Early
s1l3,IonXpress_45,TGGAGCTTCCTC,45,K2FBL,Faba-bean,Leaf,Control,Phosphorus,2,Control_Phosphorus,s1l3_45_TGGAGCTTCCTC,Early
s1l3,IonXpress_46,TCAGTCCGAAC,46,G4FBL,Faba-bean,Leaf,Glyphosate,Phosphorus,4,Glyphosate_Phosphorus,s1l3_46_TCAGTCCGAAC,Early
s1l3,IonXpress_47,TAAGGCAACCAC,47,K6FBN,Faba-bean,Nodule,Control,Phosphorus,6,Control_Phosphorus,s1l3_47_TAAGGCAACCAC,Early
s1l3,IonXpress_48,TTCTAAGAGAC,48,G9FBN,Faba-bean,Nodule,Glyphosate,Phosphorus,9,Glyphosate_Phosphorus,s1l3_48_TTCTAAGAGAC,Early
s1l3,IonXpress_49,TCCTAACATAAC,49,G50BL,Faba-bean,Leaf,Glyphosate,No-phosphorus,5,Glyphosate_No-phosphorus,s1l3_49_TCCTAACATAAC,Early
s1l3,IonXpress_50,CGGACAATGGC,50,K80BN,Faba-bean,Nodule,Control,No-phosphorus,8,Control_No-phosphorus,s1l3_50_CGGACAATGGC,Early
s1l3,IonXpress_51,TTGAGCCTATTC,51,G100BN,Faba-bean,Nodule,Glyphosate,No-phosphorus,10,Glyphosate_No-phosphorus,s1l3_51_TTGAGCCTATTC,Early
s1l3,IonXpress_52,CCGCATGGAAC,52,G1FBJ,Faba-bean,Root,Glyphosate,Phosphorus,1,Glyphosate_Phosphorus,s1l3_52_CCGCATGGAAC,Early
s1l3,IonXpress_53,CTGGCAATCCTC,53,K3FBL,Faba-bean,Leaf,Control,Phosphorus,3,Control_Phosphorus,s1l3_53_CTGGCAATCCTC,Early
s1l3,IonXpress_54,CCGGAGAATCGC,54,G5FBL,Faba-bean,Leaf,Glyphosate,Phosphorus,5,Glyphosate_Phosphorus,s1l3_54_CCGGAGAATCGC,Early
s1l3,IonXpress_55,TCCACCTCCTC,55,K8FBN,Faba-bean,Nodule,Control,Phosphorus,8,Control_Phosphorus,s1l3_55_TCCACCTCCTC,Early
s1l3,IonXpress_56,CAGCATTAATTC,56,G10FBN,Faba-bean,Nodule,Glyphosate,Phosphorus,10,Glyphosate_Phosphorus,s1l3_56_CAGCATTAATTC,Early
s1l3,IonXpress_57,TCTGGCAACGGC,57,G60BL,Faba-bean,Leaf,Glyphosate,No-phosphorus,6,Glyphosate_No-phosphorus,s1l3_57_TCTGGCAACGGC,Early
s1l3,IonXpress_58,TCCTAGAACAC,58,K90BN,Faba-bean,Nodule,Control,No-phosphorus,9,Control_No-phosphorus,s1l3_58_TCCTAGAACAC,Early
s1l3,IonXpress_59,TCCTTGATGTTC,59,G110BN,Faba-bean,Nodule,Glyphosate,No-phosphorus,11,Glyphosate_No-phosphorus,s1l3_59_TCCTTGATGTTC,Early
s1l3,IonXpress_60,TCTAGCTCTTC,60,G2FBJ,Faba-bean,Root,Glyphosate,Phosphorus,2,Glyphosate_Phosphorus,s1l3_60_TCTAGCTCTTC,Early
s1l3,IonXpress_61,TCACTCGGATC,61,K4FBL,Faba-bean,Leaf,Control,Phosphorus,4,Control_Phosphorus,s1l3_61_TCACTCGGATC,Early
s1l3,IonXpress_62,TTCCTGCTTCAC,62,G6FBL,Faba-bean,Leaf,Glyphosate,Phosphorus,6,Glyphosate_Phosphorus,s1l3_62_TTCCTGCTTCAC,Early
s1l3,IonXpress_63,CCTTAGAGTTC,63,K9FBN,Faba-bean,Nodule,Control,Phosphorus,9,Control_Phosphorus,s1l3_63_CCTTAGAGTTC,Early
s1l3,IonXpress_64,CTGAGTTCCGAC,64,G11FBN,Faba-bean,Nodule,Glyphosate,Phosphorus,11,Glyphosate_Phosphorus,s1l3_64_CTGAGTTCCGAC,Early
s1l3,IonXpress_65,TCCTGGCACATC,65,G80BL,Faba-bean,Leaf,Glyphosate,No-phosphorus,8,Glyphosate_No-phosphorus,s1l3_65_TCCTGGCACATC,Early
s1l3,IonXpress_66,CCGCAATCATC,66,K100BN,Faba-bean,Nodule,Control,No-phosphorus,10,Control_No-phosphorus,s1l3_66_CCGCAATCATC,Early
s1l3,IonXpress_67,TTCCTACCAGTC,67,K1FBJ,Faba-bean,Root,Control,Phosphorus,1,Control_Phosphorus,s1l3_67_TTCCTACCAGTC,Early
s1l3,IonXpress_68,TCAAGAAGTTC,68,G3FBJ,Faba-bean,Root,Glyphosate,Phosphorus,3,Glyphosate_Phosphorus,s1l3_68_TCAAGAAGTTC,Early
s1l3,IonXpress_69,TTCAATTGGC,69,K5FBL,Faba-bean,Leaf,Control,Phosphorus,5,Control_Phosphorus,s1l3_69_TTCAATTGGC,Early
s1l3,IonXpress_70,CCTACTGGTC,70,G8FBL,Faba-bean,Leaf,Glyphosate,Phosphorus,8,Glyphosate_Phosphorus,s1l3_70_CCTACTGGTC,Early
s1l3,IonXpress_71,TGAGGCTCCGAC,71,K10FBN,Faba-bean,Nodule,Control,Phosphorus,10,Control_Phosphorus,s1l3_71_TGAGGCTCCGAC,Early
s1l3,IonXpress_72,CGAAGGCCACAC,NA,NA,NA,NA,NA,NA,NA,NA,s1l3_NA_CGAAGGCCACAC,Early
s1l3,IonXpress_73,TCTGCCTGTC,73,G90BL,Faba-bean,Leaf,Glyphosate,No-phosphorus,9,Glyphosate_No-phosphorus,s1l3_73_TCTGCCTGTC,Early
s1l3,IonXpress_74,CGATCGGTTC,74,K110BN,Faba-bean,Nodule,Control,No-phosphorus,11,Control_No-phosphorus,s1l3_74_CGATCGGTTC,Early
s1l3,IonXpress_75,TCAGGAATAC,75,K2FBJ,Faba-bean,Root,Control,Phosphorus,2,Control_Phosphorus,s1l3_75_TCAGGAATAC,Early
s1l3,IonXpress_76,CGGAAGAACCTC,76,G4FBJ,Faba-bean,Root,Glyphosate,Phosphorus,4,Glyphosate_Phosphorus,s1l3_76_CGGAAGAACCTC,Early
s1l3,IonXpress_77,CGAAGCGATTC,77,K6FBL,Faba-bean,Leaf,Control,Phosphorus,6,Control_Phosphorus,s1l3_77_CGAAGCGATTC,Early
s1l3,IonXpress_78,CAGCCAATTCTC,78,G9FBL,Faba-bean,Leaf,Glyphosate,Phosphorus,9,Glyphosate_Phosphorus,s1l3_78_CAGCCAATTCTC,Early
s1l3,IonXpress_79,CCTGGTTGTC,79,K11FBN,Faba-bean,Nodule,Control,Phosphorus,11,Control_Phosphorus,s1l3_79_CCTGGTTGTC,Early
s1l3,IonXpress_80,TCGAAGGCAGGC,NA,NA,NA,NA,NA,NA,NA,NA,s1l3_NA_TCGAAGGCAGGC,Early
s1l3,IonXpress_81,CCTGCCATTCGC,81,G100BL,Faba-bean,Leaf,Glyphosate,No-phosphorus,10,Glyphosate_No-phosphorus,s1l3_81_CCTGCCATTCGC,Early
s1l3,IonXpress_82,TTGGCATCTC,82,G10BN,Faba-bean,Nodule,Glyphosate,No-phosphorus,1,Glyphosate_No-phosphorus,s1l3_82_TTGGCATCTC,Early
s1l3,IonXpress_83,CTAGGACATTC,83,K3FBJ,Faba-bean,Root,Control,Phosphorus,3,Control_Phosphorus,s1l3_83_CTAGGACATTC,Early
s1l3,IonXpress_84,CTTCCATAAC,84,G5FBJ,Faba-bean,Root,Glyphosate,Phosphorus,5,Glyphosate_Phosphorus,s1l3_84_CTTCCATAAC,Early
s1l3,IonXpress_85,CCAGCCTCAAC,85,K8FBL,Faba-bean,Leaf,Control,Phosphorus,8,Control_Phosphorus,s1l3_85_CCAGCCTCAAC,Early
s1l3,IonXpress_86,CTTGGTTATTC,86,G10FBL,Faba-bean,Leaf,Glyphosate,Phosphorus,10,Glyphosate_Phosphorus,s1l3_86_CTTGGTTATTC,Early
s1l3,IonXpress_87,TTGGCTGGAC,87,G1FBN,Faba-bean,Nodule,Glyphosate,Phosphorus,1,Glyphosate_Phosphorus,s1l3_87_TTGGCTGGAC,Early
s1l3,IonXpress_88,CCGAACACTTC,NA,NA,NA,NA,NA,NA,NA,NA,s1l3_NA_CCGAACACTTC,Early
s1l3,IonXpress_89,TCCTGAATCTC,89,G110BL,Faba-bean,Leaf,Glyphosate,No-phosphorus,11,Glyphosate_No-phosphorus,s1l3_89_TCCTGAATCTC,Early
s1l3,IonXpress_90,CTAACCACGGC,90,G20BN,Faba-bean,Nodule,Glyphosate,No-phosphorus,2,Glyphosate_No-phosphorus,s1l3_90_CTAACCACGGC,Early
s1l3,IonXpress_91,CGGAAGGATGC,91,K4FBJ,Faba-bean,Root,Control,Phosphorus,4,Control_Phosphorus,s1l3_91_CGGAAGGATGC,Early
s1l3,IonXpress_92,CTAGGAACCGC,92,G6FBJ,Faba-bean,Root,Glyphosate,Phosphorus,6,Glyphosate_Phosphorus,s1l3_92_CTAGGAACCGC,Early
s1l3,IonXpress_93,CTTGTCCAATC,93,K9FBL,Faba-bean,Leaf,Control,Phosphorus,9,Control_Phosphorus,s1l3_93_CTTGTCCAATC,Early
s1l3,IonXpress_94,TCCGACAAGC,94,G11FBL,Faba-bean,Leaf,Glyphosate,Phosphorus,11,Glyphosate_Phosphorus,s1l3_94_TCCGACAAGC,Early
s1l3,IonXpress_95,CGGACAGATC,95,G2FBN,Faba-bean,Nodule,Glyphosate,Phosphorus,2,Glyphosate_Phosphorus,s1l3_95_CGGACAGATC,Early
s1l3,IonXpress_96,TTAAGCGGTC,NA,NA,NA,NA,NA,NA,NA,NA,s1l3_NA_TTAAGCGGTC,Early
s2l1,IonXpress_1,CTAAGGTAAC,1,K10KaJ,Oat,Root,Control,No-phosphorus,1,Control_No-phosphorus,s2l1_1_CTAAGGTAAC,Late
s2l1,IonXpress_2,TAAGGAGAAC,2,K20KaJ,Oat,Root,Control,No-phosphorus,2,Control_No-phosphorus,s2l1_2_TAAGGAGAAC,Late
s2l1,IonXpress_3,AAGAGGATTC,3,K30KaJ,Oat,Root,Control,No-phosphorus,3,Control_No-phosphorus,s2l1_3_AAGAGGATTC,Late
s2l1,IonXpress_4,TACCAAGATC,4,K40KaJ,Oat,Root,Control,No-phosphorus,4,Control_No-phosphorus,s2l1_4_TACCAAGATC,Late
s2l1,IonXpress_5,CAGAAGGAAC,5,K50KaJ,Oat,Root,Control,No-phosphorus,5,Control_No-phosphorus,s2l1_5_CAGAAGGAAC,Late
s2l1,IonXpress_6,CTGCAAGTTC,6,K60KaJ,Oat,Root,Control,No-phosphorus,6,Control_No-phosphorus,s2l1_6_CTGCAAGTTC,Late
s2l1,IonXpress_7,TTCGTGATTC,7,K80KaJ,Oat,Root,Control,No-phosphorus,8,Control_No-phosphorus,s2l1_7_TTCGTGATTC,Late
s2l1,IonXpress_8,TTCCGATAAC,8,K90KaJ,Oat,Root,Control,No-phosphorus,9,Control_No-phosphorus,s2l1_8_TTCCGATAAC,Late
s2l1,IonXpress_9,TGAGCGGAAC,9,K100KaJ,Oat,Root,Control,No-phosphorus,10,Control_No-phosphorus,s2l1_9_TGAGCGGAAC,Late
s2l1,IonXpress_10,CTGACCGAAC,10,K110KaJ,Oat,Root,Control,No-phosphorus,11,Control_No-phosphorus,s2l1_10_CTGACCGAAC,Late
s2l1,IonXpress_11,TCCTCGAATC,11,G10KaJ,Oat,Root,Glyphosate,No-phosphorus,1,Glyphosate_No-phosphorus,s2l1_11_TCCTCGAATC,Late
s2l1,IonXpress_12,TAGGTGGTTC,12,G20KaJ,Oat,Root,Glyphosate,No-phosphorus,2,Glyphosate_No-phosphorus,s2l1_12_TAGGTGGTTC,Late
s2l1,IonXpress_13,TCTAACGGAC,13,G30KaJ,Oat,Root,Glyphosate,No-phosphorus,3,Glyphosate_No-phosphorus,s2l1_13_TCTAACGGAC,Late
s2l1,IonXpress_14,TTGGAGTGTC,14,G40KaJ,Oat,Root,Glyphosate,No-phosphorus,4,Glyphosate_No-phosphorus,s2l1_14_TTGGAGTGTC,Late
s2l1,IonXpress_15,TCTAGAGGTC,15,G50KaJ,Oat,Root,Glyphosate,No-phosphorus,5,Glyphosate_No-phosphorus,s2l1_15_TCTAGAGGTC,Late
s2l1,IonXpress_16,TCTGGATGAC,16,G60KaJ,Oat,Root,Glyphosate,No-phosphorus,6,Glyphosate_No-phosphorus,s2l1_16_TCTGGATGAC,Late
s2l1,IonXpress_17,TCTATTCGTC,17,G80KaJ,Oat,Root,Glyphosate,No-phosphorus,8,Glyphosate_No-phosphorus,s2l1_17_TCTATTCGTC,Late
s2l1,IonXpress_18,AGGCAATTGC,18,G90KaJ,Oat,Root,Glyphosate,No-phosphorus,9,Glyphosate_No-phosphorus,s2l1_18_AGGCAATTGC,Late
s2l1,IonXpress_19,TTAGTCGGAC,19,G100KaJ,Oat,Root,Glyphosate,No-phosphorus,10,Glyphosate_No-phosphorus,s2l1_19_TTAGTCGGAC,Late
s2l1,IonXpress_20,CAGATCCATC,20,G110KaJ,Oat,Root,Glyphosate,No-phosphorus,11,Glyphosate_No-phosphorus,s2l1_20_CAGATCCATC,Late
s2l1,IonXpress_21,TCGCAATTAC,21,K1FKaJ,Oat,Root,Control,Phosphorus,1,Control_Phosphorus,s2l1_21_TCGCAATTAC,Late
s2l1,IonXpress_22,TTCGAGACGC,22,K2FKaJ,Oat,Root,Control,Phosphorus,2,Control_Phosphorus,s2l1_22_TTCGAGACGC,Late
s2l1,IonXpress_23,TGCCACGAAC,23,K3FKaJ,Oat,Root,Control,Phosphorus,3,Control_Phosphorus,s2l1_23_TGCCACGAAC,Late
s2l1,IonXpress_24,AACCTCATTC,24,K4FKaJ,Oat,Root,Control,Phosphorus,4,Control_Phosphorus,s2l1_24_AACCTCATTC,Late
s2l1,IonXpress_25,CCTGAGATAC,25,K5FKaJ,Oat,Root,Control,Phosphorus,5,Control_Phosphorus,s2l1_25_CCTGAGATAC,Late
s2l1,IonXpress_26,TTACAACCTC,26,K6FKaJ,Oat,Root,Control,Phosphorus,6,Control_Phosphorus,s2l1_26_TTACAACCTC,Late
s2l1,IonXpress_27,AACCATCCGC,27,K8FKaJ,Oat,Root,Control,Phosphorus,8,Control_Phosphorus,s2l1_27_AACCATCCGC,Late
s2l1,IonXpress_28,ATCCGGAATC,28,K9FKaJ,Oat,Root,Control,Phosphorus,9,Control_Phosphorus,s2l1_28_ATCCGGAATC,Late
s2l1,IonXpress_29,TCGACCACTC,29,K10FKaJ,Oat,Root,Control,Phosphorus,10,Control_Phosphorus,s2l1_29_TCGACCACTC,Late
s2l1,IonXpress_30,CGAGGTTATC,30,K11FKaJ,Oat,Root,Control,Phosphorus,11,Control_Phosphorus,s2l1_30_CGAGGTTATC,Late
s2l1,IonXpress_31,TCCAAGCTGC,31,G1FKaJ,Oat,Root,Glyphosate,Phosphorus,1,Glyphosate_Phosphorus,s2l1_31_TCCAAGCTGC,Late
s2l1,IonXpress_32,TCTTACACAC,32,G2FKaJ,Oat,Root,Glyphosate,Phosphorus,2,Glyphosate_Phosphorus,s2l1_32_TCTTACACAC,Late
s2l1,IonXpress_33,TTCTCATTGAAC,33,G3FKaJ,Oat,Root,Glyphosate,Phosphorus,3,Glyphosate_Phosphorus,s2l1_33_TTCTCATTGAAC,Late
s2l1,IonXpress_34,TCGCATCGTTC,34,G4FKaJ,Oat,Root,Glyphosate,Phosphorus,4,Glyphosate_Phosphorus,s2l1_34_TCGCATCGTTC,Late
s2l1,IonXpress_35,TAAGCCATTGTC,35,G5FKaJ,Oat,Root,Glyphosate,Phosphorus,5,Glyphosate_Phosphorus,s2l1_35_TAAGCCATTGTC,Late
s2l1,IonXpress_36,AAGGAATCGTC,36,G6FKaJ,Oat,Root,Glyphosate,Phosphorus,6,Glyphosate_Phosphorus,s2l1_36_AAGGAATCGTC,Late
s2l1,IonXpress_37,CTTGAGAATGTC,37,G8FKaJ,Oat,Root,Glyphosate,Phosphorus,8,Glyphosate_Phosphorus,s2l1_37_CTTGAGAATGTC,Late
s2l1,IonXpress_38,TGGAGGACGGAC,38,G9FKaJ,Oat,Root,Glyphosate,Phosphorus,9,Glyphosate_Phosphorus,s2l1_38_TGGAGGACGGAC,Late
s2l1,IonXpress_39,TAACAATCGGC,39,G10FKaJ,Oat,Root,Glyphosate,Phosphorus,10,Glyphosate_Phosphorus,s2l1_39_TAACAATCGGC,Late
s2l1,IonXpress_40,CTGACATAATC,40,G11FKaJ,Oat,Root,Glyphosate,Phosphorus,11,Glyphosate_Phosphorus,s2l1_40_CTGACATAATC,Late
s2l1,IonXpress_41,TTCCACTTCGC,41,K10KaL,Oat,Leaf,Control,No-phosphorus,1,Control_No-phosphorus,s2l1_41_TTCCACTTCGC,Late
s2l1,IonXpress_42,AGCACGAATC,42,K20KaL,Oat,Leaf,Control,No-phosphorus,2,Control_No-phosphorus,s2l1_42_AGCACGAATC,Late
s2l1,IonXpress_43,CTTGACACCGC,43,K30KaL,Oat,Leaf,Control,No-phosphorus,3,Control_No-phosphorus,s2l1_43_CTTGACACCGC,Late
s2l1,IonXpress_44,TTGGAGGCCAGC,44,K40KaL,Oat,Leaf,Control,No-phosphorus,4,Control_No-phosphorus,s2l1_44_TTGGAGGCCAGC,Late
s2l1,IonXpress_45,TGGAGCTTCCTC,45,K50KaL,Oat,Leaf,Control,No-phosphorus,5,Control_No-phosphorus,s2l1_45_TGGAGCTTCCTC,Late
s2l1,IonXpress_46,TCAGTCCGAAC,46,K60KaL,Oat,Leaf,Control,No-phosphorus,6,Control_No-phosphorus,s2l1_46_TCAGTCCGAAC,Late
s2l1,IonXpress_47,TAAGGCAACCAC,47,K80KaL,Oat,Leaf,Control,No-phosphorus,8,Control_No-phosphorus,s2l1_47_TAAGGCAACCAC,Late
s2l1,IonXpress_48,TTCTAAGAGAC,48,K90KaL,Oat,Leaf,Control,No-phosphorus,9,Control_No-phosphorus,s2l1_48_TTCTAAGAGAC,Late
s2l1,IonXpress_49,TCCTAACATAAC,49,K100KaL,Oat,Leaf,Control,No-phosphorus,10,Control_No-phosphorus,s2l1_49_TCCTAACATAAC,Late
s2l1,IonXpress_50,CGGACAATGGC,NA,NA,NA,NA,NA,NA,NA,NA,s2l1_NA_CGGACAATGGC,Late
s2l1,IonXpress_51,TTGAGCCTATTC,51,G10KaL,Oat,Leaf,Glyphosate,No-phosphorus,1,Glyphosate_No-phosphorus,s2l1_51_TTGAGCCTATTC,Late
s2l1,IonXpress_52,CCGCATGGAAC,52,G20KaL,Oat,Leaf,Glyphosate,No-phosphorus,2,Glyphosate_No-phosphorus,s2l1_52_CCGCATGGAAC,Late
s2l1,IonXpress_53,CTGGCAATCCTC,53,G30KaL,Oat,Leaf,Glyphosate,No-phosphorus,3,Glyphosate_No-phosphorus,s2l1_53_CTGGCAATCCTC,Late
s2l1,IonXpress_54,CCGGAGAATCGC,54,G40KaL,Oat,Leaf,Glyphosate,No-phosphorus,4,Glyphosate_No-phosphorus,s2l1_54_CCGGAGAATCGC,Late
s2l1,IonXpress_55,TCCACCTCCTC,55,G50KaL,Oat,Leaf,Glyphosate,No-phosphorus,5,Glyphosate_No-phosphorus,s2l1_55_TCCACCTCCTC,Late
s2l1,IonXpress_56,CAGCATTAATTC,56,G60KaL,Oat,Leaf,Glyphosate,No-phosphorus,6,Glyphosate_No-phosphorus,s2l1_56_CAGCATTAATTC,Late
s2l1,IonXpress_57,TCTGGCAACGGC,57,G80KaL,Oat,Leaf,Glyphosate,No-phosphorus,8,Glyphosate_No-phosphorus,s2l1_57_TCTGGCAACGGC,Late
s2l1,IonXpress_58,TCCTAGAACAC,58,G90KaL,Oat,Leaf,Glyphosate,No-phosphorus,9,Glyphosate_No-phosphorus,s2l1_58_TCCTAGAACAC,Late
s2l1,IonXpress_59,TCCTTGATGTTC,NA,NA,NA,NA,NA,NA,NA,NA,s2l1_NA_TCCTTGATGTTC,Late
s2l1,IonXpress_60,TCTAGCTCTTC,60,G110KaL,Oat,Leaf,Glyphosate,No-phosphorus,11,Glyphosate_No-phosphorus,s2l1_60_TCTAGCTCTTC,Late
s2l1,IonXpress_61,TCACTCGGATC,61,K1FKaL,Oat,Leaf,Control,Phosphorus,1,Control_Phosphorus,s2l1_61_TCACTCGGATC,Late
s2l1,IonXpress_62,TTCCTGCTTCAC,62,K2FKaL,Oat,Leaf,Control,Phosphorus,2,Control_Phosphorus,s2l1_62_TTCCTGCTTCAC,Late
s2l1,IonXpress_63,CCTTAGAGTTC,63,K3FKaL,Oat,Leaf,Control,Phosphorus,3,Control_Phosphorus,s2l1_63_CCTTAGAGTTC,Late
s2l1,IonXpress_64,CTGAGTTCCGAC,64,K4FKaL,Oat,Leaf,Control,Phosphorus,4,Control_Phosphorus,s2l1_64_CTGAGTTCCGAC,Late
s2l1,IonXpress_65,TCCTGGCACATC,65,K5FKaL,Oat,Leaf,Control,Phosphorus,5,Control_Phosphorus,s2l1_65_TCCTGGCACATC,Late
s2l1,IonXpress_66,CCGCAATCATC,66,K6FKaL,Oat,Leaf,Control,Phosphorus,6,Control_Phosphorus,s2l1_66_CCGCAATCATC,Late
s2l1,IonXpress_67,TTCCTACCAGTC,67,K8FKaL,Oat,Leaf,Control,Phosphorus,8,Control_Phosphorus,s2l1_67_TTCCTACCAGTC,Late
s2l1,IonXpress_68,TCAAGAAGTTC,68,K9FKaL,Oat,Leaf,Control,Phosphorus,9,Control_Phosphorus,s2l1_68_TCAAGAAGTTC,Late
s2l1,IonXpress_69,TTCAATTGGC,69,K10FKaL,Oat,Leaf,Control,Phosphorus,10,Control_Phosphorus,s2l1_69_TTCAATTGGC,Late
s2l1,IonXpress_70,CCTACTGGTC,70,K11FKaL,Oat,Leaf,Control,Phosphorus,11,Control_Phosphorus,s2l1_70_CCTACTGGTC,Late
s2l1,IonXpress_71,TGAGGCTCCGAC,71,G1FKaL,Oat,Leaf,Glyphosate,Phosphorus,1,Glyphosate_Phosphorus,s2l1_71_TGAGGCTCCGAC,Late
s2l1,IonXpress_72,CGAAGGCCACAC,72,G2FKaL,Oat,Leaf,Glyphosate,Phosphorus,2,Glyphosate_Phosphorus,s2l1_72_CGAAGGCCACAC,Late
s2l1,IonXpress_73,TCTGCCTGTC,73,G3FKaL,Oat,Leaf,Glyphosate,Phosphorus,3,Glyphosate_Phosphorus,s2l1_73_TCTGCCTGTC,Late
s2l1,IonXpress_74,CGATCGGTTC,74,G4FKaL,Oat,Leaf,Glyphosate,Phosphorus,4,Glyphosate_Phosphorus,s2l1_74_CGATCGGTTC,Late
s2l1,IonXpress_75,TCAGGAATAC,75,G5FKaL,Oat,Leaf,Glyphosate,Phosphorus,5,Glyphosate_Phosphorus,s2l1_75_TCAGGAATAC,Late
s2l1,IonXpress_76,CGGAAGAACCTC,76,G6FKaL,Oat,Leaf,Glyphosate,Phosphorus,6,Glyphosate_Phosphorus,s2l1_76_CGGAAGAACCTC,Late
s2l1,IonXpress_77,CGAAGCGATTC,77,G8FKaL,Oat,Leaf,Glyphosate,Phosphorus,8,Glyphosate_Phosphorus,s2l1_77_CGAAGCGATTC,Late
s2l1,IonXpress_78,CAGCCAATTCTC,78,G9FKaL,Oat,Leaf,Glyphosate,Phosphorus,9,Glyphosate_Phosphorus,s2l1_78_CAGCCAATTCTC,Late
s2l1,IonXpress_79,CCTGGTTGTC,79,G10FKaL,Oat,Leaf,Glyphosate,Phosphorus,10,Glyphosate_Phosphorus,s2l1_79_CCTGGTTGTC,Late
s2l1,IonXpress_80,TCGAAGGCAGGC,80,G11FKaL,Oat,Leaf,Glyphosate,Phosphorus,11,Glyphosate_Phosphorus,s2l1_80_TCGAAGGCAGGC,Late
s2l1,IonXpress_81,CCTGCCATTCGC,NA,NA,NA,NA,NA,NA,NA,NA,s2l1_NA_CCTGCCATTCGC,Late
s2l1,IonXpress_82,TTGGCATCTC,NA,NA,NA,NA,NA,NA,NA,NA,s2l1_NA_TTGGCATCTC,Late
s2l1,IonXpress_83,CTAGGACATTC,NA,NA,NA,NA,NA,NA,NA,NA,s2l1_NA_CTAGGACATTC,Late
s2l1,IonXpress_84,CTTCCATAAC,NA,NA,NA,NA,NA,NA,NA,NA,s2l1_NA_CTTCCATAAC,Late
s2l1,IonXpress_85,CCAGCCTCAAC,NA,NA,NA,NA,NA,NA,NA,NA,s2l1_NA_CCAGCCTCAAC,Late
s2l1,IonXpress_86,CTTGGTTATTC,NA,NA,NA,NA,NA,NA,NA,NA,s2l1_NA_CTTGGTTATTC,Late
s2l1,IonXpress_87,TTGGCTGGAC,NA,NA,NA,NA,NA,NA,NA,NA,s2l1_NA_TTGGCTGGAC,Late
s2l1,IonXpress_88,CCGAACACTTC,NA,NA,NA,NA,NA,NA,NA,NA,s2l1_NA_CCGAACACTTC,Late
s2l1,IonXpress_89,TCCTGAATCTC,NA,NA,NA,NA,NA,NA,NA,NA,s2l1_NA_TCCTGAATCTC,Late
s2l1,IonXpress_90,CTAACCACGGC,NA,NA,NA,NA,NA,NA,NA,NA,s2l1_NA_CTAACCACGGC,Late
s2l1,IonXpress_91,CGGAAGGATGC,NA,NA,NA,NA,NA,NA,NA,NA,s2l1_NA_CGGAAGGATGC,Late
s2l1,IonXpress_92,CTAGGAACCGC,NA,NA,NA,NA,NA,NA,NA,NA,s2l1_NA_CTAGGAACCGC,Late
s2l1,IonXpress_93,CTTGTCCAATC,NA,NA,NA,NA,NA,NA,NA,NA,s2l1_NA_CTTGTCCAATC,Late
s2l1,IonXpress_94,TCCGACAAGC,NA,NA,NA,NA,NA,NA,NA,NA,s2l1_NA_TCCGACAAGC,Late
s2l1,IonXpress_95,CGGACAGATC,NA,NA,NA,NA,NA,NA,NA,NA,s2l1_NA_CGGACAGATC,Late
s2l1,IonXpress_96,TTAAGCGGTC,NA,NA,NA,NA,NA,NA,NA,NA,s2l1_NA_TTAAGCGGTC,Late
s2l2,IonXpress_1,CTAAGGTAAC,1,K10PeJ,Potato,Root,Control,No-phosphorus,1,Control_No-phosphorus,s2l2_1_CTAAGGTAAC,Late
s2l2,IonXpress_2,TAAGGAGAAC,2,K20PeJ,Potato,Root,Control,No-phosphorus,2,Control_No-phosphorus,s2l2_2_TAAGGAGAAC,Late
s2l2,IonXpress_3,AAGAGGATTC,3,K30PeJ,Potato,Root,Control,No-phosphorus,3,Control_No-phosphorus,s2l2_3_AAGAGGATTC,Late
s2l2,IonXpress_4,TACCAAGATC,4,K40PeJ,Potato,Root,Control,No-phosphorus,4,Control_No-phosphorus,s2l2_4_TACCAAGATC,Late
s2l2,IonXpress_5,CAGAAGGAAC,5,K50PeJ,Potato,Root,Control,No-phosphorus,5,Control_No-phosphorus,s2l2_5_CAGAAGGAAC,Late
s2l2,IonXpress_6,CTGCAAGTTC,6,K60PeJ,Potato,Root,Control,No-phosphorus,6,Control_No-phosphorus,s2l2_6_CTGCAAGTTC,Late
s2l2,IonXpress_7,TTCGTGATTC,7,K80PeJ,Potato,Root,Control,No-phosphorus,8,Control_No-phosphorus,s2l2_7_TTCGTGATTC,Late
s2l2,IonXpress_8,TTCCGATAAC,8,K90PeJ,Potato,Root,Control,No-phosphorus,9,Control_No-phosphorus,s2l2_8_TTCCGATAAC,Late
s2l2,IonXpress_9,TGAGCGGAAC,9,K100PeJ,Potato,Root,Control,No-phosphorus,10,Control_No-phosphorus,s2l2_9_TGAGCGGAAC,Late
s2l2,IonXpress_10,CTGACCGAAC,10,K110PeJ,Potato,Root,Control,No-phosphorus,11,Control_No-phosphorus,s2l2_10_CTGACCGAAC,Late
s2l2,IonXpress_11,TCCTCGAATC,11,G10PeJ,Potato,Root,Glyphosate,No-phosphorus,1,Glyphosate_No-phosphorus,s2l2_11_TCCTCGAATC,Late
s2l2,IonXpress_12,TAGGTGGTTC,12,G20PeJ,Potato,Root,Glyphosate,No-phosphorus,2,Glyphosate_No-phosphorus,s2l2_12_TAGGTGGTTC,Late
s2l2,IonXpress_13,TCTAACGGAC,13,G30PeJ,Potato,Root,Glyphosate,No-phosphorus,3,Glyphosate_No-phosphorus,s2l2_13_TCTAACGGAC,Late
s2l2,IonXpress_14,TTGGAGTGTC,14,G40PeJ,Potato,Root,Glyphosate,No-phosphorus,4,Glyphosate_No-phosphorus,s2l2_14_TTGGAGTGTC,Late
s2l2,IonXpress_15,TCTAGAGGTC,15,G50PeJ,Potato,Root,Glyphosate,No-phosphorus,5,Glyphosate_No-phosphorus,s2l2_15_TCTAGAGGTC,Late
s2l2,IonXpress_16,TCTGGATGAC,16,G60PeJ,Potato,Root,Glyphosate,No-phosphorus,6,Glyphosate_No-phosphorus,s2l2_16_TCTGGATGAC,Late
s2l2,IonXpress_17,TCTATTCGTC,17,G80PeJ,Potato,Root,Glyphosate,No-phosphorus,8,Glyphosate_No-phosphorus,s2l2_17_TCTATTCGTC,Late
s2l2,IonXpress_18,AGGCAATTGC,18,G90PeJ,Potato,Root,Glyphosate,No-phosphorus,9,Glyphosate_No-phosphorus,s2l2_18_AGGCAATTGC,Late
s2l2,IonXpress_19,TTAGTCGGAC,19,G100PeJ,Potato,Root,Glyphosate,No-phosphorus,10,Glyphosate_No-phosphorus,s2l2_19_TTAGTCGGAC,Late
s2l2,IonXpress_20,CAGATCCATC,20,G110PeJ,Potato,Root,Glyphosate,No-phosphorus,11,Glyphosate_No-phosphorus,s2l2_20_CAGATCCATC,Late
s2l2,IonXpress_21,TCGCAATTAC,21,K10PeL,Potato,Leaf,Control,No-phosphorus,1,Control_No-phosphorus,s2l2_21_TCGCAATTAC,Late
s2l2,IonXpress_22,TTCGAGACGC,22,K20PeL,Potato,Leaf,Control,No-phosphorus,2,Control_No-phosphorus,s2l2_22_TTCGAGACGC,Late
s2l2,IonXpress_23,TGCCACGAAC,23,K30PeL,Potato,Leaf,Control,No-phosphorus,3,Control_No-phosphorus,s2l2_23_TGCCACGAAC,Late
s2l2,IonXpress_24,AACCTCATTC,24,K40PeL,Potato,Leaf,Control,No-phosphorus,4,Control_No-phosphorus,s2l2_24_AACCTCATTC,Late
s2l2,IonXpress_25,CCTGAGATAC,25,K50PeL,Potato,Leaf,Control,No-phosphorus,5,Control_No-phosphorus,s2l2_25_CCTGAGATAC,Late
s2l2,IonXpress_26,TTACAACCTC,26,K60PeL,Potato,Leaf,Control,No-phosphorus,6,Control_No-phosphorus,s2l2_26_TTACAACCTC,Late
s2l2,IonXpress_27,AACCATCCGC,27,K80PeL,Potato,Leaf,Control,No-phosphorus,8,Control_No-phosphorus,s2l2_27_AACCATCCGC,Late
s2l2,IonXpress_28,ATCCGGAATC,28,K90PeL,Potato,Leaf,Control,No-phosphorus,9,Control_No-phosphorus,s2l2_28_ATCCGGAATC,Late
s2l2,IonXpress_29,TCGACCACTC,29,K100PeL,Potato,Leaf,Control,No-phosphorus,10,Control_No-phosphorus,s2l2_29_TCGACCACTC,Late
s2l2,IonXpress_30,CGAGGTTATC,30,K110PeL,Potato,Leaf,Control,No-phosphorus,11,Control_No-phosphorus,s2l2_30_CGAGGTTATC,Late
s2l2,IonXpress_31,TCCAAGCTGC,31,G10PeL,Potato,Leaf,Glyphosate,No-phosphorus,1,Glyphosate_No-phosphorus,s2l2_31_TCCAAGCTGC,Late
s2l2,IonXpress_32,TCTTACACAC,32,G20PeL,Potato,Leaf,Glyphosate,No-phosphorus,2,Glyphosate_No-phosphorus,s2l2_32_TCTTACACAC,Late
s2l2,IonXpress_33,TTCTCATTGAAC,33,G30PeL,Potato,Leaf,Glyphosate,No-phosphorus,3,Glyphosate_No-phosphorus,s2l2_33_TTCTCATTGAAC,Late
s2l2,IonXpress_34,TCGCATCGTTC,34,G40PeL,Potato,Leaf,Glyphosate,No-phosphorus,4,Glyphosate_No-phosphorus,s2l2_34_TCGCATCGTTC,Late
s2l2,IonXpress_35,TAAGCCATTGTC,35,G50PeL,Potato,Leaf,Glyphosate,No-phosphorus,5,Glyphosate_No-phosphorus,s2l2_35_TAAGCCATTGTC,Late
s2l2,IonXpress_36,AAGGAATCGTC,36,G60PeL,Potato,Leaf,Glyphosate,No-phosphorus,6,Glyphosate_No-phosphorus,s2l2_36_AAGGAATCGTC,Late
s2l2,IonXpress_37,CTTGAGAATGTC,37,G80PeL,Potato,Leaf,Glyphosate,No-phosphorus,8,Glyphosate_No-phosphorus,s2l2_37_CTTGAGAATGTC,Late
s2l2,IonXpress_38,TGGAGGACGGAC,38,G90PeL,Potato,Leaf,Glyphosate,No-phosphorus,9,Glyphosate_No-phosphorus,s2l2_38_TGGAGGACGGAC,Late
s2l2,IonXpress_39,TAACAATCGGC,39,G100PeL,Potato,Leaf,Glyphosate,No-phosphorus,10,Glyphosate_No-phosphorus,s2l2_39_TAACAATCGGC,Late
s2l2,IonXpress_40,CTGACATAATC,40,G110PeL,Potato,Leaf,Glyphosate,No-phosphorus,11,Glyphosate_No-phosphorus,s2l2_40_CTGACATAATC,Late
s2l2,IonXpress_41,TTCCACTTCGC,41,K10PeT,Potato,Tuber,Control,No-phosphorus,1,Control_No-phosphorus,s2l2_41_TTCCACTTCGC,Late
s2l2,IonXpress_42,AGCACGAATC,42,K20PeT,Potato,Tuber,Control,No-phosphorus,2,Control_No-phosphorus,s2l2_42_AGCACGAATC,Late
s2l2,IonXpress_43,CTTGACACCGC,43,K30PeT,Potato,Tuber,Control,No-phosphorus,3,Control_No-phosphorus,s2l2_43_CTTGACACCGC,Late
s2l2,IonXpress_44,TTGGAGGCCAGC,44,K40PeT,Potato,Tuber,Control,No-phosphorus,4,Control_No-phosphorus,s2l2_44_TTGGAGGCCAGC,Late
s2l2,IonXpress_45,TGGAGCTTCCTC,45,K50PeT,Potato,Tuber,Control,No-phosphorus,5,Control_No-phosphorus,s2l2_45_TGGAGCTTCCTC,Late
s2l2,IonXpress_46,TCAGTCCGAAC,46,K60PeT,Potato,Tuber,Control,No-phosphorus,6,Control_No-phosphorus,s2l2_46_TCAGTCCGAAC,Late
s2l2,IonXpress_47,TAAGGCAACCAC,47,K80PeT,Potato,Tuber,Control,No-phosphorus,8,Control_No-phosphorus,s2l2_47_TAAGGCAACCAC,Late
s2l2,IonXpress_48,TTCTAAGAGAC,48,K90PeT,Potato,Tuber,Control,No-phosphorus,9,Control_No-phosphorus,s2l2_48_TTCTAAGAGAC,Late
s2l2,IonXpress_49,TCCTAACATAAC,49,K100PeT,Potato,Tuber,Control,No-phosphorus,10,Control_No-phosphorus,s2l2_49_TCCTAACATAAC,Late
s2l2,IonXpress_50,CGGACAATGGC,50,K110PeT,Potato,Tuber,Control,No-phosphorus,11,Control_No-phosphorus,s2l2_50_CGGACAATGGC,Late
s2l2,IonXpress_51,TTGAGCCTATTC,51,G10PeT,Potato,Tuber,Glyphosate,No-phosphorus,1,Glyphosate_No-phosphorus,s2l2_51_TTGAGCCTATTC,Late
s2l2,IonXpress_52,CCGCATGGAAC,52,G20PeT,Potato,Tuber,Glyphosate,No-phosphorus,2,Glyphosate_No-phosphorus,s2l2_52_CCGCATGGAAC,Late
s2l2,IonXpress_53,CTGGCAATCCTC,53,G30PeT,Potato,Tuber,Glyphosate,No-phosphorus,3,Glyphosate_No-phosphorus,s2l2_53_CTGGCAATCCTC,Late
s2l2,IonXpress_54,CCGGAGAATCGC,54,G40PeT,Potato,Tuber,Glyphosate,No-phosphorus,4,Glyphosate_No-phosphorus,s2l2_54_CCGGAGAATCGC,Late
s2l2,IonXpress_55,TCCACCTCCTC,55,G50PeT,Potato,Tuber,Glyphosate,No-phosphorus,5,Glyphosate_No-phosphorus,s2l2_55_TCCACCTCCTC,Late
s2l2,IonXpress_56,CAGCATTAATTC,56,G60PeT,Potato,Tuber,Glyphosate,No-phosphorus,6,Glyphosate_No-phosphorus,s2l2_56_CAGCATTAATTC,Late
s2l2,IonXpress_57,TCTGGCAACGGC,57,G80PeT,Potato,Tuber,Glyphosate,No-phosphorus,8,Glyphosate_No-phosphorus,s2l2_57_TCTGGCAACGGC,Late
s2l2,IonXpress_58,TCCTAGAACAC,58,G90PeT,Potato,Tuber,Glyphosate,No-phosphorus,9,Glyphosate_No-phosphorus,s2l2_58_TCCTAGAACAC,Late
s2l2,IonXpress_59,TCCTTGATGTTC,59,G100PeT,Potato,Tuber,Glyphosate,No-phosphorus,10,Glyphosate_No-phosphorus,s2l2_59_TCCTTGATGTTC,Late
s2l2,IonXpress_60,TCTAGCTCTTC,60,G110PeT,Potato,Tuber,Glyphosate,No-phosphorus,11,Glyphosate_No-phosphorus,s2l2_60_TCTAGCTCTTC,Late
s2l2,IonXpress_61,TCACTCGGATC,61,K1FPeJ,Potato,Root,Control,Phosphorus,1,Control_Phosphorus,s2l2_61_TCACTCGGATC,Late
s2l2,IonXpress_62,TTCCTGCTTCAC,62,K2FPeJ,Potato,Root,Control,Phosphorus,2,Control_Phosphorus,s2l2_62_TTCCTGCTTCAC,Late
s2l2,IonXpress_63,CCTTAGAGTTC,63,K3FPeJ,Potato,Root,Control,Phosphorus,3,Control_Phosphorus,s2l2_63_CCTTAGAGTTC,Late
s2l2,IonXpress_64,CTGAGTTCCGAC,64,K4FPeJ,Potato,Root,Control,Phosphorus,4,Control_Phosphorus,s2l2_64_CTGAGTTCCGAC,Late
s2l2,IonXpress_65,TCCTGGCACATC,65,K5FPeJ,Potato,Root,Control,Phosphorus,5,Control_Phosphorus,s2l2_65_TCCTGGCACATC,Late
s2l2,IonXpress_66,CCGCAATCATC,66,K6FPeJ,Potato,Root,Control,Phosphorus,6,Control_Phosphorus,s2l2_66_CCGCAATCATC,Late
s2l2,IonXpress_67,TTCCTACCAGTC,67,K8FPeJ,Potato,Root,Control,Phosphorus,8,Control_Phosphorus,s2l2_67_TTCCTACCAGTC,Late
s2l2,IonXpress_68,TCAAGAAGTTC,68,K9FPeJ,Potato,Root,Control,Phosphorus,9,Control_Phosphorus,s2l2_68_TCAAGAAGTTC,Late
s2l2,IonXpress_69,TTCAATTGGC,69,K10FPeJ,Potato,Root,Control,Phosphorus,10,Control_Phosphorus,s2l2_69_TTCAATTGGC,Late
s2l2,IonXpress_70,CCTACTGGTC,70,K11FPeJ,Potato,Root,Control,Phosphorus,11,Control_Phosphorus,s2l2_70_CCTACTGGTC,Late
s2l2,IonXpress_71,TGAGGCTCCGAC,71,G1FPeJ,Potato,Root,Glyphosate,Phosphorus,1,Glyphosate_Phosphorus,s2l2_71_TGAGGCTCCGAC,Late
s2l2,IonXpress_72,CGAAGGCCACAC,72,G2FPeJ,Potato,Root,Glyphosate,Phosphorus,2,Glyphosate_Phosphorus,s2l2_72_CGAAGGCCACAC,Late
s2l2,IonXpress_73,TCTGCCTGTC,73,G3FPeJ,Potato,Root,Glyphosate,Phosphorus,3,Glyphosate_Phosphorus,s2l2_73_TCTGCCTGTC,Late
s2l2,IonXpress_74,CGATCGGTTC,74,G4FPeJ,Potato,Root,Glyphosate,Phosphorus,4,Glyphosate_Phosphorus,s2l2_74_CGATCGGTTC,Late
s2l2,IonXpress_75,TCAGGAATAC,75,G5FPeJ,Potato,Root,Glyphosate,Phosphorus,5,Glyphosate_Phosphorus,s2l2_75_TCAGGAATAC,Late
s2l2,IonXpress_76,CGGAAGAACCTC,76,G6FPeJ,Potato,Root,Glyphosate,Phosphorus,6,Glyphosate_Phosphorus,s2l2_76_CGGAAGAACCTC,Late
s2l2,IonXpress_77,CGAAGCGATTC,77,G8FPeJ,Potato,Root,Glyphosate,Phosphorus,8,Glyphosate_Phosphorus,s2l2_77_CGAAGCGATTC,Late
s2l2,IonXpress_78,CAGCCAATTCTC,78,G9FPeJ,Potato,Root,Glyphosate,Phosphorus,9,Glyphosate_Phosphorus,s2l2_78_CAGCCAATTCTC,Late
s2l2,IonXpress_79,CCTGGTTGTC,79,G10FPeJ,Potato,Root,Glyphosate,Phosphorus,10,Glyphosate_Phosphorus,s2l2_79_CCTGGTTGTC,Late
s2l2,IonXpress_80,TCGAAGGCAGGC,80,G11FPeJ,Potato,Root,Glyphosate,Phosphorus,11,Glyphosate_Phosphorus,s2l2_80_TCGAAGGCAGGC,Late
s2l2,IonXpress_81,CCTGCCATTCGC,81,K60PeT,Potato,Tuber,Control,No-phosphorus,6,Control_No-phosphorus,s2l2_81_CCTGCCATTCGC,Late
s2l2,IonXpress_82,TTGGCATCTC,82,K50PeT,Potato,Tuber,Control,No-phosphorus,5,Control_No-phosphorus,s2l2_82_TTGGCATCTC,Late
s2l2,IonXpress_83,CTAGGACATTC,NA,NA,NA,NA,NA,NA,NA,NA,s2l2_NA_CTAGGACATTC,Late
s2l2,IonXpress_84,CTTCCATAAC,NA,NA,NA,NA,NA,NA,NA,NA,s2l2_NA_CTTCCATAAC,Late
s2l2,IonXpress_85,CCAGCCTCAAC,NA,NA,NA,NA,NA,NA,NA,NA,s2l2_NA_CCAGCCTCAAC,Late
s2l2,IonXpress_86,CTTGGTTATTC,NA,NA,NA,NA,NA,NA,NA,NA,s2l2_NA_CTTGGTTATTC,Late
s2l2,IonXpress_87,TTGGCTGGAC,NA,NA,NA,NA,NA,NA,NA,NA,s2l2_NA_TTGGCTGGAC,Late
s2l2,IonXpress_88,CCGAACACTTC,NA,NA,NA,NA,NA,NA,NA,NA,s2l2_NA_CCGAACACTTC,Late
s2l2,IonXpress_89,TCCTGAATCTC,NA,NA,NA,NA,NA,NA,NA,NA,s2l2_NA_TCCTGAATCTC,Late
s2l2,IonXpress_90,CTAACCACGGC,NA,NA,NA,NA,NA,NA,NA,NA,s2l2_NA_CTAACCACGGC,Late
s2l2,IonXpress_91,CGGAAGGATGC,NA,NA,NA,NA,NA,NA,NA,NA,s2l2_NA_CGGAAGGATGC,Late
s2l2,IonXpress_92,CTAGGAACCGC,NA,NA,NA,NA,NA,NA,NA,NA,s2l2_NA_CTAGGAACCGC,Late
s2l2,IonXpress_93,CTTGTCCAATC,NA,NA,NA,NA,NA,NA,NA,NA,s2l2_NA_CTTGTCCAATC,Late
s2l2,IonXpress_94,TCCGACAAGC,NA,NA,NA,NA,NA,NA,NA,NA,s2l2_NA_TCCGACAAGC,Late
s2l2,IonXpress_95,CGGACAGATC,NA,NA,NA,NA,NA,NA,NA,NA,s2l2_NA_CGGACAGATC,Late
s2l2,IonXpress_96,TTAAGCGGTC,NA,NA,NA,NA,NA,NA,NA,NA,s2l2_NA_TTAAGCGGTC,Late
s2l3,IonXpress_1,CTAAGGTAAC,1,K1FPeL,Potato,Leaf,Control,Phosphorus,1,Control_Phosphorus,s2l3_1_CTAAGGTAAC,Late
s2l3,IonXpress_2,TAAGGAGAAC,2,K2FPeL,Potato,Leaf,Control,Phosphorus,2,Control_Phosphorus,s2l3_2_TAAGGAGAAC,Late
s2l3,IonXpress_3,AAGAGGATTC,3,K3FPeL,Potato,Leaf,Control,Phosphorus,3,Control_Phosphorus,s2l3_3_AAGAGGATTC,Late
s2l3,IonXpress_4,TACCAAGATC,4,K4FPeL,Potato,Leaf,Control,Phosphorus,4,Control_Phosphorus,s2l3_4_TACCAAGATC,Late
s2l3,IonXpress_5,CAGAAGGAAC,5,K5FPeL,Potato,Leaf,Control,Phosphorus,5,Control_Phosphorus,s2l3_5_CAGAAGGAAC,Late
s2l3,IonXpress_6,CTGCAAGTTC,6,K6FPeL,Potato,Leaf,Control,Phosphorus,6,Control_Phosphorus,s2l3_6_CTGCAAGTTC,Late
s2l3,IonXpress_7,TTCGTGATTC,7,K8FPeL,Potato,Leaf,Control,Phosphorus,8,Control_Phosphorus,s2l3_7_TTCGTGATTC,Late
s2l3,IonXpress_8,TTCCGATAAC,8,K9FPeL,Potato,Leaf,Control,Phosphorus,9,Control_Phosphorus,s2l3_8_TTCCGATAAC,Late
s2l3,IonXpress_9,TGAGCGGAAC,9,K10FPeL,Potato,Leaf,Control,Phosphorus,10,Control_Phosphorus,s2l3_9_TGAGCGGAAC,Late
s2l3,IonXpress_10,CTGACCGAAC,10,K11FPeL,Potato,Leaf,Control,Phosphorus,11,Control_Phosphorus,s2l3_10_CTGACCGAAC,Late
s2l3,IonXpress_11,TCCTCGAATC,11,G1FPeL,Potato,Leaf,Glyphosate,Phosphorus,1,Glyphosate_Phosphorus,s2l3_11_TCCTCGAATC,Late
s2l3,IonXpress_12,TAGGTGGTTC,12,G2FPeL,Potato,Leaf,Glyphosate,Phosphorus,2,Glyphosate_Phosphorus,s2l3_12_TAGGTGGTTC,Late
s2l3,IonXpress_13,TCTAACGGAC,13,G3FPeL,Potato,Leaf,Glyphosate,Phosphorus,3,Glyphosate_Phosphorus,s2l3_13_TCTAACGGAC,Late
s2l3,IonXpress_14,TTGGAGTGTC,14,G4FPeL,Potato,Leaf,Glyphosate,Phosphorus,4,Glyphosate_Phosphorus,s2l3_14_TTGGAGTGTC,Late
s2l3,IonXpress_15,TCTAGAGGTC,15,G5FPeL,Potato,Leaf,Glyphosate,Phosphorus,5,Glyphosate_Phosphorus,s2l3_15_TCTAGAGGTC,Late
s2l3,IonXpress_16,TCTGGATGAC,16,G6FPeL,Potato,Leaf,Glyphosate,Phosphorus,6,Glyphosate_Phosphorus,s2l3_16_TCTGGATGAC,Late
s2l3,IonXpress_17,TCTATTCGTC,17,G8FPeL,Potato,Leaf,Glyphosate,Phosphorus,8,Glyphosate_Phosphorus,s2l3_17_TCTATTCGTC,Late
s2l3,IonXpress_18,AGGCAATTGC,18,G9FPeL,Potato,Leaf,Glyphosate,Phosphorus,9,Glyphosate_Phosphorus,s2l3_18_AGGCAATTGC,Late
s2l3,IonXpress_19,TTAGTCGGAC,19,G10FPeL,Potato,Leaf,Glyphosate,Phosphorus,10,Glyphosate_Phosphorus,s2l3_19_TTAGTCGGAC,Late
s2l3,IonXpress_20,CAGATCCATC,20,G11FPeL,Potato,Leaf,Glyphosate,Phosphorus,11,Glyphosate_Phosphorus,s2l3_20_CAGATCCATC,Late
s2l3,IonXpress_21,TCGCAATTAC,21,K1FPeT,Potato,Tuber,Control,Phosphorus,1,Control_Phosphorus,s2l3_21_TCGCAATTAC,Late
s2l3,IonXpress_22,TTCGAGACGC,22,K2FPeT,Potato,Tuber,Control,Phosphorus,2,Control_Phosphorus,s2l3_22_TTCGAGACGC,Late
s2l3,IonXpress_23,TGCCACGAAC,23,K3FPeT,Potato,Tuber,Control,Phosphorus,3,Control_Phosphorus,s2l3_23_TGCCACGAAC,Late
s2l3,IonXpress_24,AACCTCATTC,24,K4FPeT,Potato,Tuber,Control,Phosphorus,4,Control_Phosphorus,s2l3_24_AACCTCATTC,Late
s2l3,IonXpress_25,CCTGAGATAC,25,K5FPeT,Potato,Tuber,Control,Phosphorus,5,Control_Phosphorus,s2l3_25_CCTGAGATAC,Late
s2l3,IonXpress_26,TTACAACCTC,26,K6FPeT,Potato,Tuber,Control,Phosphorus,6,Control_Phosphorus,s2l3_26_TTACAACCTC,Late
s2l3,IonXpress_27,AACCATCCGC,27,K8FPeT,Potato,Tuber,Control,Phosphorus,8,Control_Phosphorus,s2l3_27_AACCATCCGC,Late
s2l3,IonXpress_28,ATCCGGAATC,28,K9FPeT,Potato,Tuber,Control,Phosphorus,9,Control_Phosphorus,s2l3_28_ATCCGGAATC,Late
s2l3,IonXpress_29,TCGACCACTC,29,K10FPeT,Potato,Tuber,Control,Phosphorus,10,Control_Phosphorus,s2l3_29_TCGACCACTC,Late
s2l3,IonXpress_30,CGAGGTTATC,30,K11FPeT,Potato,Tuber,Control,Phosphorus,11,Control_Phosphorus,s2l3_30_CGAGGTTATC,Late
s2l3,IonXpress_31,TCCAAGCTGC,31,G1FPeT,Potato,Tuber,Glyphosate,Phosphorus,1,Glyphosate_Phosphorus,s2l3_31_TCCAAGCTGC,Late
s2l3,IonXpress_32,TCTTACACAC,32,G2FPeT,Potato,Tuber,Glyphosate,Phosphorus,2,Glyphosate_Phosphorus,s2l3_32_TCTTACACAC,Late
s2l3,IonXpress_33,TTCTCATTGAAC,33,G3FPeT,Potato,Tuber,Glyphosate,Phosphorus,3,Glyphosate_Phosphorus,s2l3_33_TTCTCATTGAAC,Late
s2l3,IonXpress_34,TCGCATCGTTC,34,G4FPeT,Potato,Tuber,Glyphosate,Phosphorus,4,Glyphosate_Phosphorus,s2l3_34_TCGCATCGTTC,Late
s2l3,IonXpress_35,TAAGCCATTGTC,35,G5FPeT,Potato,Tuber,Glyphosate,Phosphorus,5,Glyphosate_Phosphorus,s2l3_35_TAAGCCATTGTC,Late
s2l3,IonXpress_36,AAGGAATCGTC,36,G6FPeT,Potato,Tuber,Glyphosate,Phosphorus,6,Glyphosate_Phosphorus,s2l3_36_AAGGAATCGTC,Late
s2l3,IonXpress_37,CTTGAGAATGTC,37,G8FPeT,Potato,Tuber,Glyphosate,Phosphorus,8,Glyphosate_Phosphorus,s2l3_37_CTTGAGAATGTC,Late
s2l3,IonXpress_38,TGGAGGACGGAC,38,G9FPeT,Potato,Tuber,Glyphosate,Phosphorus,9,Glyphosate_Phosphorus,s2l3_38_TGGAGGACGGAC,Late
s2l3,IonXpress_39,TAACAATCGGC,39,G10FPeT,Potato,Tuber,Glyphosate,Phosphorus,10,Glyphosate_Phosphorus,s2l3_39_TAACAATCGGC,Late
s2l3,IonXpress_40,CTGACATAATC,NA,NA,NA,NA,NA,NA,NA,NA,s2l3_NA_CTGACATAATC,Late
s2l3,IonXpress_41,TTCCACTTCGC,41,K10BJ,Faba-bean,Root,Control,No-phosphorus,1,Control_No-phosphorus,s2l3_41_TTCCACTTCGC,Late
s2l3,IonXpress_42,AGCACGAATC,42,K20BJ,Faba-bean,Root,Control,No-phosphorus,2,Control_No-phosphorus,s2l3_42_AGCACGAATC,Late
s2l3,IonXpress_43,CTTGACACCGC,43,K30BJ,Faba-bean,Root,Control,No-phosphorus,3,Control_No-phosphorus,s2l3_43_CTTGACACCGC,Late
s2l3,IonXpress_44,TTGGAGGCCAGC,44,K40BJ,Faba-bean,Root,Control,No-phosphorus,4,Control_No-phosphorus,s2l3_44_TTGGAGGCCAGC,Late
s2l3,IonXpress_45,TGGAGCTTCCTC,45,K50BJ,Faba-bean,Root,Control,No-phosphorus,5,Control_No-phosphorus,s2l3_45_TGGAGCTTCCTC,Late
s2l3,IonXpress_46,TCAGTCCGAAC,46,K60BJ,Faba-bean,Root,Control,No-phosphorus,6,Control_No-phosphorus,s2l3_46_TCAGTCCGAAC,Late
s2l3,IonXpress_47,TAAGGCAACCAC,47,K80BJ,Faba-bean,Root,Control,No-phosphorus,8,Control_No-phosphorus,s2l3_47_TAAGGCAACCAC,Late
s2l3,IonXpress_48,TTCTAAGAGAC,48,K90BJ,Faba-bean,Root,Control,No-phosphorus,9,Control_No-phosphorus,s2l3_48_TTCTAAGAGAC,Late
s2l3,IonXpress_49,TCCTAACATAAC,49,K100BJ,Faba-bean,Root,Control,No-phosphorus,10,Control_No-phosphorus,s2l3_49_TCCTAACATAAC,Late
s2l3,IonXpress_50,CGGACAATGGC,50,K110BJ,Faba-bean,Root,Control,No-phosphorus,11,Control_No-phosphorus,s2l3_50_CGGACAATGGC,Late
s2l3,IonXpress_51,TTGAGCCTATTC,51,G10BJ,Faba-bean,Root,Glyphosate,No-phosphorus,1,Glyphosate_No-phosphorus,s2l3_51_TTGAGCCTATTC,Late
s2l3,IonXpress_52,CCGCATGGAAC,52,G20BJ,Faba-bean,Root,Glyphosate,No-phosphorus,2,Glyphosate_No-phosphorus,s2l3_52_CCGCATGGAAC,Late
s2l3,IonXpress_53,CTGGCAATCCTC,53,G30BJ,Faba-bean,Root,Glyphosate,No-phosphorus,3,Glyphosate_No-phosphorus,s2l3_53_CTGGCAATCCTC,Late
s2l3,IonXpress_54,CCGGAGAATCGC,54,G40BJ,Faba-bean,Root,Glyphosate,No-phosphorus,4,Glyphosate_No-phosphorus,s2l3_54_CCGGAGAATCGC,Late
s2l3,IonXpress_55,TCCACCTCCTC,55,G50BJ,Faba-bean,Root,Glyphosate,No-phosphorus,5,Glyphosate_No-phosphorus,s2l3_55_TCCACCTCCTC,Late
s2l3,IonXpress_56,CAGCATTAATTC,56,G60BJ,Faba-bean,Root,Glyphosate,No-phosphorus,6,Glyphosate_No-phosphorus,s2l3_56_CAGCATTAATTC,Late
s2l3,IonXpress_57,TCTGGCAACGGC,57,G80BJ,Faba-bean,Root,Glyphosate,No-phosphorus,8,Glyphosate_No-phosphorus,s2l3_57_TCTGGCAACGGC,Late
s2l3,IonXpress_58,TCCTAGAACAC,58,G90BJ,Faba-bean,Root,Glyphosate,No-phosphorus,9,Glyphosate_No-phosphorus,s2l3_58_TCCTAGAACAC,Late
s2l3,IonXpress_59,TCCTTGATGTTC,NA,NA,NA,NA,NA,NA,NA,NA,s2l3_NA_TCCTTGATGTTC,Late
s2l3,IonXpress_60,TCTAGCTCTTC,60,G110BJ,Faba-bean,Root,Glyphosate,No-phosphorus,11,Glyphosate_No-phosphorus,s2l3_60_TCTAGCTCTTC,Late
s2l3,IonXpress_61,TCACTCGGATC,61,K10BL,Faba-bean,Leaf,Control,No-phosphorus,1,Control_No-phosphorus,s2l3_61_TCACTCGGATC,Late
s2l3,IonXpress_62,TTCCTGCTTCAC,62,K20BL,Faba-bean,Leaf,Control,No-phosphorus,2,Control_No-phosphorus,s2l3_62_TTCCTGCTTCAC,Late
s2l3,IonXpress_63,CCTTAGAGTTC,63,K30BL,Faba-bean,Leaf,Control,No-phosphorus,3,Control_No-phosphorus,s2l3_63_CCTTAGAGTTC,Late
s2l3,IonXpress_64,CTGAGTTCCGAC,64,K40BL,Faba-bean,Leaf,Control,No-phosphorus,4,Control_No-phosphorus,s2l3_64_CTGAGTTCCGAC,Late
s2l3,IonXpress_65,TCCTGGCACATC,65,K50BL,Faba-bean,Leaf,Control,No-phosphorus,5,Control_No-phosphorus,s2l3_65_TCCTGGCACATC,Late
s2l3,IonXpress_66,CCGCAATCATC,66,K60BL,Faba-bean,Leaf,Control,No-phosphorus,6,Control_No-phosphorus,s2l3_66_CCGCAATCATC,Late
s2l3,IonXpress_67,TTCCTACCAGTC,67,K80BL,Faba-bean,Leaf,Control,No-phosphorus,8,Control_No-phosphorus,s2l3_67_TTCCTACCAGTC,Late
s2l3,IonXpress_68,TCAAGAAGTTC,68,K90BL,Faba-bean,Leaf,Control,No-phosphorus,9,Control_No-phosphorus,s2l3_68_TCAAGAAGTTC,Late
s2l3,IonXpress_69,TTCAATTGGC,69,K100BL,Faba-bean,Leaf,Control,No-phosphorus,10,Control_No-phosphorus,s2l3_69_TTCAATTGGC,Late
s2l3,IonXpress_70,CCTACTGGTC,70,K110BL,Faba-bean,Leaf,Control,No-phosphorus,11,Control_No-phosphorus,s2l3_70_CCTACTGGTC,Late
s2l3,IonXpress_71,TGAGGCTCCGAC,71,G10BL,Faba-bean,Leaf,Glyphosate,No-phosphorus,1,Glyphosate_No-phosphorus,s2l3_71_TGAGGCTCCGAC,Late
s2l3,IonXpress_72,CGAAGGCCACAC,72,G20BL,Faba-bean,Leaf,Glyphosate,No-phosphorus,2,Glyphosate_No-phosphorus,s2l3_72_CGAAGGCCACAC,Late
s2l3,IonXpress_73,TCTGCCTGTC,73,G30BL,Faba-bean,Leaf,Glyphosate,No-phosphorus,3,Glyphosate_No-phosphorus,s2l3_73_TCTGCCTGTC,Late
s2l3,IonXpress_74,CGATCGGTTC,74,G40BL,Faba-bean,Leaf,Glyphosate,No-phosphorus,4,Glyphosate_No-phosphorus,s2l3_74_CGATCGGTTC,Late
s2l3,IonXpress_75,TCAGGAATAC,75,G50BL,Faba-bean,Leaf,Glyphosate,No-phosphorus,5,Glyphosate_No-phosphorus,s2l3_75_TCAGGAATAC,Late
s2l3,IonXpress_76,CGGAAGAACCTC,76,G60BL,Faba-bean,Leaf,Glyphosate,No-phosphorus,6,Glyphosate_No-phosphorus,s2l3_76_CGGAAGAACCTC,Late
s2l3,IonXpress_77,CGAAGCGATTC,77,G80BL,Faba-bean,Leaf,Glyphosate,No-phosphorus,8,Glyphosate_No-phosphorus,s2l3_77_CGAAGCGATTC,Late
s2l3,IonXpress_78,CAGCCAATTCTC,78,G90BL,Faba-bean,Leaf,Glyphosate,No-phosphorus,9,Glyphosate_No-phosphorus,s2l3_78_CAGCCAATTCTC,Late
s2l3,IonXpress_79,CCTGGTTGTC,79,G100BL,Faba-bean,Leaf,Glyphosate,No-phosphorus,10,Glyphosate_No-phosphorus,s2l3_79_CCTGGTTGTC,Late
s2l3,IonXpress_80,TCGAAGGCAGGC,80,G110BL,Faba-bean,Leaf,Glyphosate,No-phosphorus,11,Glyphosate_No-phosphorus,s2l3_80_TCGAAGGCAGGC,Late
s2l3,IonXpress_81,CCTGCCATTCGC,NA,NA,NA,NA,NA,NA,NA,NA,s2l3_NA_CCTGCCATTCGC,Late
s2l3,IonXpress_82,TTGGCATCTC,NA,NA,NA,NA,NA,NA,NA,NA,s2l3_NA_TTGGCATCTC,Late
s2l3,IonXpress_83,CTAGGACATTC,NA,NA,NA,NA,NA,NA,NA,NA,s2l3_NA_CTAGGACATTC,Late
s2l3,IonXpress_84,CTTCCATAAC,NA,NA,NA,NA,NA,NA,NA,NA,s2l3_NA_CTTCCATAAC,Late
s2l3,IonXpress_85,CCAGCCTCAAC,NA,NA,NA,NA,NA,NA,NA,NA,s2l3_NA_CCAGCCTCAAC,Late
s2l3,IonXpress_86,CTTGGTTATTC,NA,NA,NA,NA,NA,NA,NA,NA,s2l3_NA_CTTGGTTATTC,Late
s2l3,IonXpress_87,TTGGCTGGAC,NA,NA,NA,NA,NA,NA,NA,NA,s2l3_NA_TTGGCTGGAC,Late
s2l3,IonXpress_88,CCGAACACTTC,NA,NA,NA,NA,NA,NA,NA,NA,s2l3_NA_CCGAACACTTC,Late
s2l3,IonXpress_89,TCCTGAATCTC,NA,NA,NA,NA,NA,NA,NA,NA,s2l3_NA_TCCTGAATCTC,Late
s2l3,IonXpress_90,CTAACCACGGC,NA,NA,NA,NA,NA,NA,NA,NA,s2l3_NA_CTAACCACGGC,Late
s2l3,IonXpress_91,CGGAAGGATGC,NA,NA,NA,NA,NA,NA,NA,NA,s2l3_NA_CGGAAGGATGC,Late
s2l3,IonXpress_92,CTAGGAACCGC,NA,NA,NA,NA,NA,NA,NA,NA,s2l3_NA_CTAGGAACCGC,Late
s2l3,IonXpress_93,CTTGTCCAATC,NA,NA,NA,NA,NA,NA,NA,NA,s2l3_NA_CTTGTCCAATC,Late
s2l3,IonXpress_94,TCCGACAAGC,NA,NA,NA,NA,NA,NA,NA,NA,s2l3_NA_TCCGACAAGC,Late
s2l3,IonXpress_95,CGGACAGATC,NA,NA,NA,NA,NA,NA,NA,NA,s2l3_NA_CGGACAGATC,Late
s2l3,IonXpress_96,TTAAGCGGTC,NA,NA,NA,NA,NA,NA,NA,NA,s2l3_NA_TTAAGCGGTC,Late
s2l4,IonXpress_1,CTAAGGTAAC,1,K10BN,Faba-bean,Nodule,Control,No-phosphorus,1,Control_No-phosphorus,s2l4re_1_CTAAGGTAAC,Late
s2l4,IonXpress_2,TAAGGAGAAC,2,K20BN,Faba-bean,Nodule,Control,No-phosphorus,2,Control_No-phosphorus,s2l4re_2_TAAGGAGAAC,Late
s2l4,IonXpress_3,AAGAGGATTC,3,K30BN,Faba-bean,Nodule,Control,No-phosphorus,3,Control_No-phosphorus,s2l4re_3_AAGAGGATTC,Late
s2l4,IonXpress_4,TACCAAGATC,4,K40BN,Faba-bean,Nodule,Control,No-phosphorus,4,Control_No-phosphorus,s2l4re_4_TACCAAGATC,Late
s2l4,IonXpress_5,CAGAAGGAAC,5,K50BN,Faba-bean,Nodule,Control,No-phosphorus,5,Control_No-phosphorus,s2l4re_5_CAGAAGGAAC,Late
s2l4,IonXpress_6,CTGCAAGTTC,6,K60BN,Faba-bean,Nodule,Control,No-phosphorus,6,Control_No-phosphorus,s2l4re_6_CTGCAAGTTC,Late
s2l4,IonXpress_7,TTCGTGATTC,7,K80BN,Faba-bean,Nodule,Control,No-phosphorus,8,Control_No-phosphorus,s2l4re_7_TTCGTGATTC,Late
s2l4,IonXpress_8,TTCCGATAAC,8,K90BN,Faba-bean,Nodule,Control,No-phosphorus,9,Control_No-phosphorus,s2l4re_8_TTCCGATAAC,Late
s2l4,IonXpress_9,TGAGCGGAAC,9,K100BN,Faba-bean,Nodule,Control,No-phosphorus,10,Control_No-phosphorus,s2l4re_9_TGAGCGGAAC,Late
s2l4,IonXpress_10,CTGACCGAAC,10,K110BN,Faba-bean,Nodule,Control,No-phosphorus,11,Control_No-phosphorus,s2l4re_10_CTGACCGAAC,Late
s2l4,IonXpress_11,TCCTCGAATC,11,G10BN,Faba-bean,Nodule,Glyphosate,No-phosphorus,1,Glyphosate_No-phosphorus,s2l4re_11_TCCTCGAATC,Late
s2l4,IonXpress_12,TAGGTGGTTC,12,G20BN,Faba-bean,Nodule,Glyphosate,No-phosphorus,2,Glyphosate_No-phosphorus,s2l4re_12_TAGGTGGTTC,Late
s2l4,IonXpress_13,TCTAACGGAC,13,G30BN,Faba-bean,Nodule,Glyphosate,No-phosphorus,3,Glyphosate_No-phosphorus,s2l4re_13_TCTAACGGAC,Late
s2l4,IonXpress_14,TTGGAGTGTC,14,G40BN,Faba-bean,Nodule,Glyphosate,No-phosphorus,4,Glyphosate_No-phosphorus,s2l4re_14_TTGGAGTGTC,Late
s2l4,IonXpress_15,TCTAGAGGTC,15,G50BN,Faba-bean,Nodule,Glyphosate,No-phosphorus,5,Glyphosate_No-phosphorus,s2l4re_15_TCTAGAGGTC,Late
s2l4,IonXpress_16,TCTGGATGAC,16,G60BN,Faba-bean,Nodule,Glyphosate,No-phosphorus,6,Glyphosate_No-phosphorus,s2l4re_16_TCTGGATGAC,Late
s2l4,IonXpress_17,TCTATTCGTC,17,G80BN,Faba-bean,Nodule,Glyphosate,No-phosphorus,8,Glyphosate_No-phosphorus,s2l4re_17_TCTATTCGTC,Late
s2l4,IonXpress_18,AGGCAATTGC,18,G90BN,Faba-bean,Nodule,Glyphosate,No-phosphorus,9,Glyphosate_No-phosphorus,s2l4re_18_AGGCAATTGC,Late
s2l4,IonXpress_19,TTAGTCGGAC,19,G100BN,Faba-bean,Nodule,Glyphosate,No-phosphorus,10,Glyphosate_No-phosphorus,s2l4re_19_TTAGTCGGAC,Late
s2l4,IonXpress_20,CAGATCCATC,20,G110BN,Faba-bean,Nodule,Glyphosate,No-phosphorus,11,Glyphosate_No-phosphorus,s2l4re_20_CAGATCCATC,Late
s2l4,IonXpress_21,TCGCAATTAC,21,K1FBJ,Faba-bean,Root,Control,Phosphorus,1,Control_Phosphorus,s2l4re_21_TCGCAATTAC,Late
s2l4,IonXpress_22,TTCGAGACGC,22,K2FBJ,Faba-bean,Root,Control,Phosphorus,2,Control_Phosphorus,s2l4re_22_TTCGAGACGC,Late
s2l4,IonXpress_23,TGCCACGAAC,23,K3FBJ,Faba-bean,Root,Control,Phosphorus,3,Control_Phosphorus,s2l4re_23_TGCCACGAAC,Late
s2l4,IonXpress_24,AACCTCATTC,24,K4FBJ,Faba-bean,Root,Control,Phosphorus,4,Control_Phosphorus,s2l4re_24_AACCTCATTC,Late
s2l4,IonXpress_25,CCTGAGATAC,25,K5FBJ,Faba-bean,Root,Control,Phosphorus,5,Control_Phosphorus,s2l4re_25_CCTGAGATAC,Late
s2l4,IonXpress_26,TTACAACCTC,26,K6FBJ,Faba-bean,Root,Control,Phosphorus,6,Control_Phosphorus,s2l4re_26_TTACAACCTC,Late
s2l4,IonXpress_27,AACCATCCGC,27,K8FBJ,Faba-bean,Root,Control,Phosphorus,8,Control_Phosphorus,s2l4re_27_AACCATCCGC,Late
s2l4,IonXpress_28,ATCCGGAATC,28,K9FBJ,Faba-bean,Root,Control,Phosphorus,9,Control_Phosphorus,s2l4re_28_ATCCGGAATC,Late
s2l4,IonXpress_29,TCGACCACTC,29,K10FBJ,Faba-bean,Root,Control,Phosphorus,10,Control_Phosphorus,s2l4re_29_TCGACCACTC,Late
s2l4,IonXpress_30,CGAGGTTATC,30,K11FBJ,Faba-bean,Root,Control,Phosphorus,11,Control_Phosphorus,s2l4re_30_CGAGGTTATC,Late
s2l4,IonXpress_31,TCCAAGCTGC,31,G1FBJ,Faba-bean,Root,Glyphosate,Phosphorus,1,Glyphosate_Phosphorus,s2l4re_31_TCCAAGCTGC,Late
s2l4,IonXpress_32,TCTTACACAC,32,G2FBJ,Faba-bean,Root,Glyphosate,Phosphorus,2,Glyphosate_Phosphorus,s2l4re_32_TCTTACACAC,Late
s2l4,IonXpress_33,TTCTCATTGAAC,33,G3FBJ,Faba-bean,Root,Glyphosate,Phosphorus,3,Glyphosate_Phosphorus,s2l4re_33_TTCTCATTGAAC,Late
s2l4,IonXpress_34,TCGCATCGTTC,34,G4FBJ,Faba-bean,Root,Glyphosate,Phosphorus,4,Glyphosate_Phosphorus,s2l4re_34_TCGCATCGTTC,Late
s2l4,IonXpress_35,TAAGCCATTGTC,35,G5FBJ,Faba-bean,Root,Glyphosate,Phosphorus,5,Glyphosate_Phosphorus,s2l4re_35_TAAGCCATTGTC,Late
s2l4,IonXpress_36,AAGGAATCGTC,36,G6FBJ,Faba-bean,Root,Glyphosate,Phosphorus,6,Glyphosate_Phosphorus,s2l4re_36_AAGGAATCGTC,Late
s2l4,IonXpress_37,CTTGAGAATGTC,37,G8FBJ,Faba-bean,Root,Glyphosate,Phosphorus,8,Glyphosate_Phosphorus,s2l4re_37_CTTGAGAATGTC,Late
s2l4,IonXpress_38,TGGAGGACGGAC,38,G9FBJ,Faba-bean,Root,Glyphosate,Phosphorus,9,Glyphosate_Phosphorus,s2l4re_38_TGGAGGACGGAC,Late
s2l4,IonXpress_39,TAACAATCGGC,39,G10FBJ,Faba-bean,Root,Glyphosate,Phosphorus,10,Glyphosate_Phosphorus,s2l4re_39_TAACAATCGGC,Late
s2l4,IonXpress_40,CTGACATAATC,40,G11FBJ,Faba-bean,Root,Glyphosate,Phosphorus,11,Glyphosate_Phosphorus,s2l4re_40_CTGACATAATC,Late
s2l4,IonXpress_41,TTCCACTTCGC,41,K1FBL,Faba-bean,Leaf,Control,Phosphorus,1,Control_Phosphorus,s2l4re_41_TTCCACTTCGC,Late
s2l4,IonXpress_42,AGCACGAATC,42,K2FBL,Faba-bean,Leaf,Control,Phosphorus,2,Control_Phosphorus,s2l4re_42_AGCACGAATC,Late
s2l4,IonXpress_43,CTTGACACCGC,43,K3FBL,Faba-bean,Leaf,Control,Phosphorus,3,Control_Phosphorus,s2l4re_43_CTTGACACCGC,Late
s2l4,IonXpress_44,TTGGAGGCCAGC,44,K4FBL,Faba-bean,Leaf,Control,Phosphorus,4,Control_Phosphorus,s2l4re_44_TTGGAGGCCAGC,Late
s2l4,IonXpress_45,TGGAGCTTCCTC,45,K5FBL,Faba-bean,Leaf,Control,Phosphorus,5,Control_Phosphorus,s2l4re_45_TGGAGCTTCCTC,Late
s2l4,IonXpress_46,TCAGTCCGAAC,46,K6FBL,Faba-bean,Leaf,Control,Phosphorus,6,Control_Phosphorus,s2l4re_46_TCAGTCCGAAC,Late
s2l4,IonXpress_47,TAAGGCAACCAC,47,K8FBL,Faba-bean,Leaf,Control,Phosphorus,8,Control_Phosphorus,s2l4re_47_TAAGGCAACCAC,Late
s2l4,IonXpress_48,TTCTAAGAGAC,48,K9FBL,Faba-bean,Leaf,Control,Phosphorus,9,Control_Phosphorus,s2l4re_48_TTCTAAGAGAC,Late
s2l4,IonXpress_49,TCCTAACATAAC,49,K10FBL,Faba-bean,Leaf,Control,Phosphorus,10,Control_Phosphorus,s2l4re_49_TCCTAACATAAC,Late
s2l4,IonXpress_50,CGGACAATGGC,50,K11FBL,Faba-bean,Leaf,Control,Phosphorus,11,Control_Phosphorus,s2l4re_50_CGGACAATGGC,Late
s2l4,IonXpress_51,TTGAGCCTATTC,51,G1FBL,Faba-bean,Leaf,Glyphosate,Phosphorus,1,Glyphosate_Phosphorus,s2l4re_51_TTGAGCCTATTC,Late
s2l4,IonXpress_52,CCGCATGGAAC,52,G2FBL,Faba-bean,Leaf,Glyphosate,Phosphorus,2,Glyphosate_Phosphorus,s2l4re_52_CCGCATGGAAC,Late
s2l4,IonXpress_53,CTGGCAATCCTC,53,G3FBL,Faba-bean,Leaf,Glyphosate,Phosphorus,3,Glyphosate_Phosphorus,s2l4re_53_CTGGCAATCCTC,Late
s2l4,IonXpress_54,CCGGAGAATCGC,54,G4FBL,Faba-bean,Leaf,Glyphosate,Phosphorus,4,Glyphosate_Phosphorus,s2l4re_54_CCGGAGAATCGC,Late
s2l4,IonXpress_55,TCCACCTCCTC,55,G5FBL,Faba-bean,Leaf,Glyphosate,Phosphorus,5,Glyphosate_Phosphorus,s2l4re_55_TCCACCTCCTC,Late
s2l4,IonXpress_56,CAGCATTAATTC,56,G6FBL,Faba-bean,Leaf,Glyphosate,Phosphorus,6,Glyphosate_Phosphorus,s2l4re_56_CAGCATTAATTC,Late
s2l4,IonXpress_57,TCTGGCAACGGC,57,G8FBL,Faba-bean,Leaf,Glyphosate,Phosphorus,8,Glyphosate_Phosphorus,s2l4re_57_TCTGGCAACGGC,Late
s2l4,IonXpress_58,TCCTAGAACAC,58,G9FBL,Faba-bean,Leaf,Glyphosate,Phosphorus,9,Glyphosate_Phosphorus,s2l4re_58_TCCTAGAACAC,Late
s2l4,IonXpress_59,TCCTTGATGTTC,59,G10FBL,Faba-bean,Leaf,Glyphosate,Phosphorus,10,Glyphosate_Phosphorus,s2l4re_59_TCCTTGATGTTC,Late
s2l4,IonXpress_60,TCTAGCTCTTC,60,G11FBL,Faba-bean,Leaf,Glyphosate,Phosphorus,11,Glyphosate_Phosphorus,s2l4re_60_TCTAGCTCTTC,Late
s2l4,IonXpress_61,TCACTCGGATC,61,K1FBN,Faba-bean,Nodule,Control,Phosphorus,1,Control_Phosphorus,s2l4re_61_TCACTCGGATC,Late
s2l4,IonXpress_62,TTCCTGCTTCAC,62,K2FBN,Faba-bean,Nodule,Control,Phosphorus,2,Control_Phosphorus,s2l4re_62_TTCCTGCTTCAC,Late
s2l4,IonXpress_63,CCTTAGAGTTC,63,K3FBN,Faba-bean,Nodule,Control,Phosphorus,3,Control_Phosphorus,s2l4re_63_CCTTAGAGTTC,Late
s2l4,IonXpress_64,CTGAGTTCCGAC,64,K4FBN,Faba-bean,Nodule,Control,Phosphorus,4,Control_Phosphorus,s2l4re_64_CTGAGTTCCGAC,Late
s2l4,IonXpress_65,TCCTGGCACATC,65,K5FBN,Faba-bean,Nodule,Control,Phosphorus,5,Control_Phosphorus,s2l4re_65_TCCTGGCACATC,Late
s2l4,IonXpress_66,CCGCAATCATC,66,K6FBN,Faba-bean,Nodule,Control,Phosphorus,6,Control_Phosphorus,s2l4re_66_CCGCAATCATC,Late
s2l4,IonXpress_67,TTCCTACCAGTC,67,K8FBN,Faba-bean,Nodule,Control,Phosphorus,8,Control_Phosphorus,s2l4re_67_TTCCTACCAGTC,Late
s2l4,IonXpress_68,TCAAGAAGTTC,68,K9FBN,Faba-bean,Nodule,Control,Phosphorus,9,Control_Phosphorus,s2l4re_68_TCAAGAAGTTC,Late
s2l4,IonXpress_69,TTCAATTGGC,69,K10FBN,Faba-bean,Nodule,Control,Phosphorus,10,Control_Phosphorus,s2l4re_69_TTCAATTGGC,Late
s2l4,IonXpress_70,CCTACTGGTC,70,K11FBN,Faba-bean,Nodule,Control,Phosphorus,11,Control_Phosphorus,s2l4re_70_CCTACTGGTC,Late
s2l4,IonXpress_71,TGAGGCTCCGAC,71,G1FBN,Faba-bean,Nodule,Glyphosate,Phosphorus,1,Glyphosate_Phosphorus,s2l4re_71_TGAGGCTCCGAC,Late
s2l4,IonXpress_72,CGAAGGCCACAC,72,G2FBN,Faba-bean,Nodule,Glyphosate,Phosphorus,2,Glyphosate_Phosphorus,s2l4re_72_CGAAGGCCACAC,Late
s2l4,IonXpress_73,TCTGCCTGTC,73,G3FBN,Faba-bean,Nodule,Glyphosate,Phosphorus,3,Glyphosate_Phosphorus,s2l4re_73_TCTGCCTGTC,Late
s2l4,IonXpress_74,CGATCGGTTC,74,G4FBN,Faba-bean,Nodule,Glyphosate,Phosphorus,4,Glyphosate_Phosphorus,s2l4re_74_CGATCGGTTC,Late
s2l4,IonXpress_75,TCAGGAATAC,75,G5FBN,Faba-bean,Nodule,Glyphosate,Phosphorus,5,Glyphosate_Phosphorus,s2l4re_75_TCAGGAATAC,Late
s2l4,IonXpress_76,CGGAAGAACCTC,76,G8FBN,Faba-bean,Nodule,Glyphosate,Phosphorus,8,Glyphosate_Phosphorus,s2l4re_76_CGGAAGAACCTC,Late
s2l4,IonXpress_77,CGAAGCGATTC,77,G9FBN,Faba-bean,Nodule,Glyphosate,Phosphorus,9,Glyphosate_Phosphorus,s2l4re_77_CGAAGCGATTC,Late
s2l4,IonXpress_78,CAGCCAATTCTC,78,G10FBN,Faba-bean,Nodule,Glyphosate,Phosphorus,10,Glyphosate_Phosphorus,s2l4re_78_CAGCCAATTCTC,Late
s2l4,IonXpress_79,CCTGGTTGTC,79,G11FBN,Faba-bean,Nodule,Glyphosate,Phosphorus,11,Glyphosate_Phosphorus,s2l4re_79_CCTGGTTGTC,Late
s2l4,IonXpress_80,TCGAAGGCAGGC,NA,NA,NA,NA,NA,NA,NA,NA,s2l4re_NA_TCGAAGGCAGGC,Late
s2l4,IonXpress_81,CCTGCCATTCGC,NA,NA,NA,NA,NA,NA,NA,NA,s2l4re_NA_CCTGCCATTCGC,Late
s2l4,IonXpress_82,TTGGCATCTC,NA,NA,NA,NA,NA,NA,NA,NA,s2l4re_NA_TTGGCATCTC,Late
s2l4,IonXpress_83,CTAGGACATTC,NA,NA,NA,NA,NA,NA,NA,NA,s2l4re_NA_CTAGGACATTC,Late
s2l4,IonXpress_84,CTTCCATAAC,NA,NA,NA,NA,NA,NA,NA,NA,s2l4re_NA_CTTCCATAAC,Late
s2l4,IonXpress_85,CCAGCCTCAAC,NA,NA,NA,NA,NA,NA,NA,NA,s2l4re_NA_CCAGCCTCAAC,Late
s2l4,IonXpress_86,CTTGGTTATTC,NA,NA,NA,NA,NA,NA,NA,NA,s2l4re_NA_CTTGGTTATTC,Late
s2l4,IonXpress_87,TTGGCTGGAC,NA,NA,NA,NA,NA,NA,NA,NA,s2l4re_NA_TTGGCTGGAC,Late
s2l4,IonXpress_88,CCGAACACTTC,NA,NA,NA,NA,NA,NA,NA,NA,s2l4re_NA_CCGAACACTTC,Late
s2l4,IonXpress_89,TCCTGAATCTC,NA,NA,NA,NA,NA,NA,NA,NA,s2l4re_NA_TCCTGAATCTC,Late
s2l4,IonXpress_90,CTAACCACGGC,NA,NA,NA,NA,NA,NA,NA,NA,s2l4re_NA_CTAACCACGGC,Late
s2l4,IonXpress_91,CGGAAGGATGC,NA,NA,NA,NA,NA,NA,NA,NA,s2l4re_NA_CGGAAGGATGC,Late
s2l4,IonXpress_92,CTAGGAACCGC,NA,NA,NA,NA,NA,NA,NA,NA,s2l4re_NA_CTAGGAACCGC,Late
s2l4,IonXpress_93,CTTGTCCAATC,NA,NA,NA,NA,NA,NA,NA,NA,s2l4re_NA_CTTGTCCAATC,Late
s2l4,IonXpress_94,TCCGACAAGC,NA,NA,NA,NA,NA,NA,NA,NA,s2l4re_NA_TCCGACAAGC,Late
s2l4,IonXpress_95,CGGACAGATC,NA,NA,NA,NA,NA,NA,NA,NA,s2l4re_NA_CGGACAGATC,Late
s2l4,IonXpress_96,TTAAGCGGTC,NA,NA,NA,NA,NA,NA,NA,NA,s2l4re_NA_TTAAGCGGTC,Late
