Sample	plant	part	treatment	plot	glyphosate	phosphorus	timepoint	code
s1l1_1_CTAAGGTAAC	Oat	Root	Control	1	Control	No-phosphorus	Early	OatRootControlEarly
s1l1_10_CTGACCGAAC	Oat	Root	Glyphosate	4	Glyphosate	No-phosphorus	Early	OatRootGlyphosateEarly
s1l1_12_TAGGTGGTTC	Oat	Root	Glyphosate+Phosphorus	9	Glyphosate	Phosphorus	Early	OatRootGlyphosate+PhosphorusEarly
s1l1_13_TCTAACGGAC	Oat	Leaf	Control	11	Control	No-phosphorus	Early	OatLeafControlEarly
s1l1_14_TTGGAGTGTC	Oat	Leaf	Phosphorus	2	Control	Phosphorus	Early	OatLeafPhosphorusEarly
s1l1_15_TCTAGAGGTC	Oat	Leaf	Glyphosate+Phosphorus	4	Glyphosate	Phosphorus	Early	OatLeafGlyphosate+PhosphorusEarly
s1l1_16_TCTGGATGAC	Potato	Root	Control	6	Control	No-phosphorus	Early	PotatoRootControlEarly
s1l1_17_TCTATTCGTC	Oat	Root	Control	3	Control	No-phosphorus	Early	OatRootControlEarly
s1l1_18_AGGCAATTGC	Oat	Root	Glyphosate	5	Glyphosate	No-phosphorus	Early	OatRootGlyphosateEarly
s1l1_19_TTAGTCGGAC	Oat	Root	Phosphorus	8	Control	Phosphorus	Early	OatRootPhosphorusEarly
s1l1_2_TAAGGAGAAC	Oat	Root	Glyphosate	3	Glyphosate	No-phosphorus	Early	OatRootGlyphosateEarly
s1l1_20_CAGATCCATC	Oat	Root	Glyphosate+Phosphorus	10	Glyphosate	Phosphorus	Early	OatRootGlyphosate+PhosphorusEarly
s1l1_21_TCGCAATTAC	Oat	Leaf	Glyphosate	1	Glyphosate	No-phosphorus	Early	OatLeafGlyphosateEarly
s1l1_22_TTCGAGACGC	Oat	Leaf	Phosphorus	3	Control	Phosphorus	Early	OatLeafPhosphorusEarly
s1l1_23_TGCCACGAAC	Oat	Leaf	Glyphosate+Phosphorus	5	Glyphosate	Phosphorus	Early	OatLeafGlyphosate+PhosphorusEarly
s1l1_24_AACCTCATTC	Potato	Root	Control	8	Control	No-phosphorus	Early	PotatoRootControlEarly
s1l1_25_CCTGAGATAC	Oat	Root	Control	4	Control	No-phosphorus	Early	OatRootControlEarly
s1l1_26_TTACAACCTC	Oat	Root	Glyphosate	6	Glyphosate	No-phosphorus	Early	OatRootGlyphosateEarly
s1l1_27_AACCATCCGC	Oat	Root	Phosphorus	9	Control	Phosphorus	Early	OatRootPhosphorusEarly
s1l1_28_ATCCGGAATC	Oat	Root	Glyphosate+Phosphorus	11	Glyphosate	Phosphorus	Early	OatRootGlyphosate+PhosphorusEarly
s1l1_29_TCGACCACTC	Oat	Leaf	Glyphosate	2	Glyphosate	No-phosphorus	Early	OatLeafGlyphosateEarly
s1l1_3_AAGAGGATTC	Oat	Root	Phosphorus	5	Control	Phosphorus	Early	OatRootPhosphorusEarly
s1l1_30_CGAGGTTATC	Oat	Leaf	Phosphorus	4	Control	Phosphorus	Early	OatLeafPhosphorusEarly
s1l1_31_TCCAAGCTGC	Oat	Leaf	Glyphosate+Phosphorus	6	Glyphosate	Phosphorus	Early	OatLeafGlyphosate+PhosphorusEarly
s1l1_32_TCTTACACAC	Potato	Root	Control	9	Control	No-phosphorus	Early	PotatoRootControlEarly
s1l1_33_TTCTCATTGAAC	Oat	Root	Control	5	Control	No-phosphorus	Early	OatRootControlEarly
s1l1_34_TCGCATCGTTC	Oat	Root	Glyphosate	8	Glyphosate	No-phosphorus	Early	OatRootGlyphosateEarly
s1l1_35_TAAGCCATTGTC	Oat	Root	Phosphorus	10	Control	Phosphorus	Early	OatRootPhosphorusEarly
s1l1_36_AAGGAATCGTC	Oat	Leaf	Control	1	Control	No-phosphorus	Early	OatLeafControlEarly
s1l1_37_CTTGAGAATGTC	Oat	Leaf	Glyphosate	3	Glyphosate	No-phosphorus	Early	OatLeafGlyphosateEarly
s1l1_38_TGGAGGACGGAC	Oat	Leaf	Phosphorus	5	Control	Phosphorus	Early	OatLeafPhosphorusEarly
s1l1_39_TAACAATCGGC	Oat	Leaf	Glyphosate+Phosphorus	8	Glyphosate	Phosphorus	Early	OatLeafGlyphosate+PhosphorusEarly
s1l1_4_TACCAAGATC	Oat	Root	Glyphosate+Phosphorus	8	Glyphosate	Phosphorus	Early	OatRootGlyphosate+PhosphorusEarly
s1l1_40_CTGACATAATC	Potato	Root	Control	10	Control	No-phosphorus	Early	PotatoRootControlEarly
s1l1_41_TTCCACTTCGC	Oat	Root	Control	6	Control	No-phosphorus	Early	OatRootControlEarly
s1l1_42_AGCACGAATC	Oat	Root	Glyphosate	9	Glyphosate	No-phosphorus	Early	OatRootGlyphosateEarly
s1l1_43_CTTGACACCGC	Oat	Root	Phosphorus	11	Control	Phosphorus	Early	OatRootPhosphorusEarly
s1l1_44_TTGGAGGCCAGC	Oat	Leaf	Control	2	Control	No-phosphorus	Early	OatLeafControlEarly
s1l1_45_TGGAGCTTCCTC	Oat	Leaf	Glyphosate	4	Glyphosate	No-phosphorus	Early	OatLeafGlyphosateEarly
s1l1_46_TCAGTCCGAAC	Oat	Leaf	Phosphorus	6	Control	Phosphorus	Early	OatLeafPhosphorusEarly
s1l1_47_TAAGGCAACCAC	Oat	Leaf	Glyphosate+Phosphorus	9	Glyphosate	Phosphorus	Early	OatLeafGlyphosate+PhosphorusEarly
s1l1_48_TTCTAAGAGAC	Potato	Root	Control	11	Control	No-phosphorus	Early	PotatoRootControlEarly
s1l1_49_TCCTAACATAAC	Oat	Root	Control	8	Control	No-phosphorus	Early	OatRootControlEarly
s1l1_5_CAGAAGGAAC	Oat	Leaf	Control	10	Control	No-phosphorus	Early	OatLeafControlEarly
s1l1_50_CGGACAATGGC	Oat	Root	Glyphosate	10	Glyphosate	No-phosphorus	Early	OatRootGlyphosateEarly
s1l1_51_TTGAGCCTATTC	Oat	Root	Glyphosate+Phosphorus	1	Glyphosate	Phosphorus	Early	OatRootGlyphosate+PhosphorusEarly
s1l1_52_CCGCATGGAAC	Oat	Leaf	Control	3	Control	No-phosphorus	Early	OatLeafControlEarly
s1l1_53_CTGGCAATCCTC	Oat	Leaf	Glyphosate	5	Glyphosate	No-phosphorus	Early	OatLeafGlyphosateEarly
s1l1_54_CCGGAGAATCGC	Oat	Leaf	Phosphorus	8	Control	Phosphorus	Early	OatLeafPhosphorusEarly
s1l1_55_TCCACCTCCTC	Oat	Leaf	Glyphosate+Phosphorus	10	Glyphosate	Phosphorus	Early	OatLeafGlyphosate+PhosphorusEarly
s1l1_56_CAGCATTAATTC	Potato	Root	Glyphosate	1	Glyphosate	No-phosphorus	Early	PotatoRootGlyphosateEarly
s1l1_57_TCTGGCAACGGC	Oat	Root	Control	9	Control	No-phosphorus	Early	OatRootControlEarly
s1l1_58_TCCTAGAACAC	Oat	Root	Glyphosate	11	Glyphosate	No-phosphorus	Early	OatRootGlyphosateEarly
s1l1_59_TCCTTGATGTTC	Oat	Root	Glyphosate+Phosphorus	2	Glyphosate	Phosphorus	Early	OatRootGlyphosate+PhosphorusEarly
s1l1_6_CTGCAAGTTC	Oat	Leaf	Phosphorus	1	Control	Phosphorus	Early	OatLeafPhosphorusEarly
s1l1_60_TCTAGCTCTTC	Oat	Leaf	Control	4	Control	No-phosphorus	Early	OatLeafControlEarly
s1l1_61_TCACTCGGATC	Oat	Leaf	Glyphosate	6	Glyphosate	No-phosphorus	Early	OatLeafGlyphosateEarly
s1l1_62_TTCCTGCTTCAC	Oat	Leaf	Phosphorus	9	Control	Phosphorus	Early	OatLeafPhosphorusEarly
s1l1_63_CCTTAGAGTTC	Oat	Leaf	Glyphosate+Phosphorus	11	Glyphosate	Phosphorus	Early	OatLeafGlyphosate+PhosphorusEarly
s1l1_64_CTGAGTTCCGAC	Potato	Root	Glyphosate	2	Glyphosate	No-phosphorus	Early	PotatoRootGlyphosateEarly
s1l1_65_TCCTGGCACATC	Oat	Root	Control	10	Control	No-phosphorus	Early	OatRootControlEarly
s1l1_66_CCGCAATCATC	Oat	Root	Phosphorus	1	Control	Phosphorus	Early	OatRootPhosphorusEarly
s1l1_67_TTCCTACCAGTC	Oat	Root	Glyphosate+Phosphorus	3	Glyphosate	Phosphorus	Early	OatRootGlyphosate+PhosphorusEarly
s1l1_68_TCAAGAAGTTC	Oat	Leaf	Control	5	Control	No-phosphorus	Early	OatLeafControlEarly
s1l1_69_TTCAATTGGC	Oat	Leaf	Glyphosate	8	Glyphosate	No-phosphorus	Early	OatLeafGlyphosateEarly
s1l1_7_TTCGTGATTC	Oat	Leaf	Glyphosate+Phosphorus	3	Glyphosate	Phosphorus	Early	OatLeafGlyphosate+PhosphorusEarly
s1l1_70_CCTACTGGTC	Oat	Leaf	Phosphorus	10	Control	Phosphorus	Early	OatLeafPhosphorusEarly
s1l1_71_TGAGGCTCCGAC	Potato	Root	Control	1	Control	No-phosphorus	Early	PotatoRootControlEarly
s1l1_72_CGAAGGCCACAC	Potato	Root	Glyphosate	3	Glyphosate	No-phosphorus	Early	PotatoRootGlyphosateEarly
s1l1_73_TCTGCCTGTC	Oat	Root	Control	11	Control	No-phosphorus	Early	OatRootControlEarly
s1l1_74_CGATCGGTTC	Oat	Root	Phosphorus	2	Control	Phosphorus	Early	OatRootPhosphorusEarly
s1l1_75_TCAGGAATAC	Oat	Root	Glyphosate+Phosphorus	4	Glyphosate	Phosphorus	Early	OatRootGlyphosate+PhosphorusEarly
s1l1_76_CGGAAGAACCTC	Oat	Leaf	Control	6	Control	No-phosphorus	Early	OatLeafControlEarly
s1l1_77_CGAAGCGATTC	Oat	Leaf	Glyphosate	9	Glyphosate	No-phosphorus	Early	OatLeafGlyphosateEarly
s1l1_78_CAGCCAATTCTC	Oat	Leaf	Phosphorus	11	Control	Phosphorus	Early	OatLeafPhosphorusEarly
s1l1_79_CCTGGTTGTC	Potato	Root	Control	2	Control	No-phosphorus	Early	PotatoRootControlEarly
s1l1_8_TTCCGATAAC	Potato	Root	Control	5	Control	No-phosphorus	Early	PotatoRootControlEarly
s1l1_80_TCGAAGGCAGGC	Potato	Root	Glyphosate	4	Glyphosate	No-phosphorus	Early	PotatoRootGlyphosateEarly
s1l1_81_CCTGCCATTCGC	Oat	Root	Glyphosate	1	Glyphosate	No-phosphorus	Early	OatRootGlyphosateEarly
s1l1_82_TTGGCATCTC	Oat	Root	Phosphorus	3	Control	Phosphorus	Early	OatRootPhosphorusEarly
s1l1_83_CTAGGACATTC	Oat	Root	Glyphosate+Phosphorus	5	Glyphosate	Phosphorus	Early	OatRootGlyphosate+PhosphorusEarly
s1l1_84_CTTCCATAAC	Oat	Leaf	Control	8	Control	No-phosphorus	Early	OatLeafControlEarly
s1l1_85_CCAGCCTCAAC	Oat	Leaf	Glyphosate	10	Glyphosate	No-phosphorus	Early	OatLeafGlyphosateEarly
s1l1_86_CTTGGTTATTC	Oat	Leaf	Glyphosate+Phosphorus	1	Glyphosate	Phosphorus	Early	OatLeafGlyphosate+PhosphorusEarly
s1l1_87_TTGGCTGGAC	Potato	Root	Control	3	Control	No-phosphorus	Early	PotatoRootControlEarly
s1l1_89_TCCTGAATCTC	Oat	Root	Glyphosate	2	Glyphosate	No-phosphorus	Early	OatRootGlyphosateEarly
s1l1_9_TGAGCGGAAC	Oat	Root	Control	2	Control	No-phosphorus	Early	OatRootControlEarly
s1l1_90_CTAACCACGGC	Oat	Root	Phosphorus	4	Control	Phosphorus	Early	OatRootPhosphorusEarly
s1l1_91_CGGAAGGATGC	Oat	Root	Glyphosate+Phosphorus	6	Glyphosate	Phosphorus	Early	OatRootGlyphosate+PhosphorusEarly
s1l1_92_CTAGGAACCGC	Oat	Leaf	Control	9	Control	No-phosphorus	Early	OatLeafControlEarly
s1l1_93_CTTGTCCAATC	Oat	Leaf	Glyphosate	11	Glyphosate	No-phosphorus	Early	OatLeafGlyphosateEarly
s1l1_94_TCCGACAAGC	Oat	Leaf	Glyphosate+Phosphorus	2	Glyphosate	Phosphorus	Early	OatLeafGlyphosate+PhosphorusEarly
s1l1_95_CGGACAGATC	Potato	Root	Control	4	Control	No-phosphorus	Early	PotatoRootControlEarly
s1l2_1_CTAAGGTAAC	Potato	Root	Glyphosate	5	Glyphosate	No-phosphorus	Early	PotatoRootGlyphosateEarly
s1l2_10_CTGACCGAAC	Potato	Root	Phosphorus	9	Control	Phosphorus	Early	PotatoRootPhosphorusEarly
s1l2_11_TCCTCGAATC	Potato	Root	Glyphosate+Phosphorus	11	Glyphosate	Phosphorus	Early	PotatoRootGlyphosate+PhosphorusEarly
s1l2_12_TAGGTGGTTC	Potato	Leaf	Glyphosate	2	Glyphosate	No-phosphorus	Early	PotatoLeafGlyphosateEarly
s1l2_13_TCTAACGGAC	Potato	Leaf	Phosphorus	4	Control	Phosphorus	Early	PotatoLeafPhosphorusEarly
s1l2_14_TTGGAGTGTC	Potato	Leaf	Glyphosate+Phosphorus	6	Glyphosate	Phosphorus	Early	PotatoLeafGlyphosate+PhosphorusEarly
s1l2_15_TCTAGAGGTC	Faba-bean	Root	Control	9	Control	No-phosphorus	Early	Faba-beanRootControlEarly
s1l2_16_TCTGGATGAC	Faba-bean	Root	Glyphosate	11	Glyphosate	No-phosphorus	Early	Faba-beanRootGlyphosateEarly
s1l2_17_TCTATTCGTC	Potato	Root	Glyphosate	8	Glyphosate	No-phosphorus	Early	PotatoRootGlyphosateEarly
s1l2_18_AGGCAATTGC	Potato	Root	Phosphorus	10	Control	Phosphorus	Early	PotatoRootPhosphorusEarly
s1l2_19_TTAGTCGGAC	Potato	Leaf	Control	1	Control	No-phosphorus	Early	PotatoLeafControlEarly
s1l2_2_TAAGGAGAAC	Potato	Root	Phosphorus	8	Control	Phosphorus	Early	PotatoRootPhosphorusEarly
s1l2_20_CAGATCCATC	Potato	Leaf	Glyphosate	3	Glyphosate	No-phosphorus	Early	PotatoLeafGlyphosateEarly
s1l2_21_TCGCAATTAC	Potato	Leaf	Phosphorus	5	Control	Phosphorus	Early	PotatoLeafPhosphorusEarly
s1l2_23_TGCCACGAAC	Faba-bean	Root	Control	10	Control	No-phosphorus	Early	Faba-beanRootControlEarly
s1l2_24_AACCTCATTC	Faba-bean	Leaf	Control	1	Control	No-phosphorus	Early	Faba-beanLeafControlEarly
s1l2_25_CCTGAGATAC	Potato	Root	Glyphosate	9	Glyphosate	No-phosphorus	Early	PotatoRootGlyphosateEarly
s1l2_26_TTACAACCTC	Potato	Root	Phosphorus	11	Control	Phosphorus	Early	PotatoRootPhosphorusEarly
s1l2_27_AACCATCCGC	Potato	Leaf	Control	2	Control	No-phosphorus	Early	PotatoLeafControlEarly
s1l2_28_ATCCGGAATC	Potato	Leaf	Glyphosate	4	Glyphosate	No-phosphorus	Early	PotatoLeafGlyphosateEarly
s1l2_29_TCGACCACTC	Potato	Leaf	Phosphorus	6	Control	Phosphorus	Early	PotatoLeafPhosphorusEarly
s1l2_3_AAGAGGATTC	Potato	Root	Glyphosate+Phosphorus	10	Glyphosate	Phosphorus	Early	PotatoRootGlyphosate+PhosphorusEarly
s1l2_30_CGAGGTTATC	Potato	Leaf	Glyphosate+Phosphorus	9	Glyphosate	Phosphorus	Early	PotatoLeafGlyphosate+PhosphorusEarly
s1l2_31_TCCAAGCTGC	Faba-bean	Root	Control	11	Control	No-phosphorus	Early	Faba-beanRootControlEarly
s1l2_32_TCTTACACAC	Faba-bean	Leaf	Control	2	Control	No-phosphorus	Early	Faba-beanLeafControlEarly
s1l2_33_TTCTCATTGAAC	Potato	Root	Glyphosate	10	Glyphosate	No-phosphorus	Early	PotatoRootGlyphosateEarly
s1l2_34_TCGCATCGTTC	Potato	Root	Glyphosate+Phosphorus	1	Glyphosate	Phosphorus	Early	PotatoRootGlyphosate+PhosphorusEarly
s1l2_35_TAAGCCATTGTC	Potato	Leaf	Control	3	Control	No-phosphorus	Early	PotatoLeafControlEarly
s1l2_36_AAGGAATCGTC	Potato	Leaf	Glyphosate	5	Glyphosate	No-phosphorus	Early	PotatoLeafGlyphosateEarly
s1l2_37_CTTGAGAATGTC	Potato	Leaf	Phosphorus	8	Control	Phosphorus	Early	PotatoLeafPhosphorusEarly
s1l2_38_TGGAGGACGGAC	Potato	Leaf	Glyphosate+Phosphorus	10	Glyphosate	Phosphorus	Early	PotatoLeafGlyphosate+PhosphorusEarly
s1l2_39_TAACAATCGGC	Faba-bean	Root	Glyphosate	1	Glyphosate	No-phosphorus	Early	Faba-beanRootGlyphosateEarly
s1l2_4_TACCAAGATC	Potato	Leaf	Glyphosate	1	Glyphosate	No-phosphorus	Early	PotatoLeafGlyphosateEarly
s1l2_40_CTGACATAATC	Faba-bean	Leaf	Control	3	Control	No-phosphorus	Early	Faba-beanLeafControlEarly
s1l2_41_TTCCACTTCGC	Potato	Root	Glyphosate	11	Glyphosate	No-phosphorus	Early	PotatoRootGlyphosateEarly
s1l2_42_AGCACGAATC	Potato	Root	Glyphosate+Phosphorus	2	Glyphosate	Phosphorus	Early	PotatoRootGlyphosate+PhosphorusEarly
s1l2_43_CTTGACACCGC	Potato	Leaf	Control	4	Control	No-phosphorus	Early	PotatoLeafControlEarly
s1l2_44_TTGGAGGCCAGC	Potato	Leaf	Glyphosate	6	Glyphosate	No-phosphorus	Early	PotatoLeafGlyphosateEarly
s1l2_45_TGGAGCTTCCTC	Potato	Leaf	Phosphorus	9	Control	Phosphorus	Early	PotatoLeafPhosphorusEarly
s1l2_46_TCAGTCCGAAC	Potato	Leaf	Glyphosate+Phosphorus	11	Glyphosate	Phosphorus	Early	PotatoLeafGlyphosate+PhosphorusEarly
s1l2_47_TAAGGCAACCAC	Faba-bean	Root	Glyphosate	2	Glyphosate	No-phosphorus	Early	Faba-beanRootGlyphosateEarly
s1l2_48_TTCTAAGAGAC	Faba-bean	Leaf	Control	4	Control	No-phosphorus	Early	Faba-beanLeafControlEarly
s1l2_49_TCCTAACATAAC	Potato	Root	Phosphorus	1	Control	Phosphorus	Early	PotatoRootPhosphorusEarly
s1l2_5_CAGAAGGAAC	Potato	Leaf	Phosphorus	3	Control	Phosphorus	Early	PotatoLeafPhosphorusEarly
s1l2_50_CGGACAATGGC	Potato	Root	Glyphosate+Phosphorus	3	Glyphosate	Phosphorus	Early	PotatoRootGlyphosate+PhosphorusEarly
s1l2_52_CCGCATGGAAC	Potato	Leaf	Glyphosate	8	Glyphosate	No-phosphorus	Early	PotatoLeafGlyphosateEarly
s1l2_54_CCGGAGAATCGC	Faba-bean	Root	Control	1	Control	No-phosphorus	Early	Faba-beanRootControlEarly
s1l2_55_TCCACCTCCTC	Faba-bean	Root	Glyphosate	3	Glyphosate	No-phosphorus	Early	Faba-beanRootGlyphosateEarly
s1l2_56_CAGCATTAATTC	Faba-bean	Leaf	Control	5	Control	No-phosphorus	Early	Faba-beanLeafControlEarly
s1l2_57_TCTGGCAACGGC	Potato	Root	Phosphorus	2	Control	Phosphorus	Early	PotatoRootPhosphorusEarly
s1l2_58_TCCTAGAACAC	Potato	Root	Glyphosate+Phosphorus	4	Glyphosate	Phosphorus	Early	PotatoRootGlyphosate+PhosphorusEarly
s1l2_6_CTGCAAGTTC	Potato	Leaf	Glyphosate+Phosphorus	5	Glyphosate	Phosphorus	Early	PotatoLeafGlyphosate+PhosphorusEarly
s1l2_60_TCTAGCTCTTC	Potato	Leaf	Glyphosate	9	Glyphosate	No-phosphorus	Early	PotatoLeafGlyphosateEarly
s1l2_61_TCACTCGGATC	Potato	Leaf	Phosphorus	11	Control	Phosphorus	Early	PotatoLeafPhosphorusEarly
s1l2_62_TTCCTGCTTCAC	Faba-bean	Root	Control	2	Control	No-phosphorus	Early	Faba-beanRootControlEarly
s1l2_63_CCTTAGAGTTC	Faba-bean	Root	Glyphosate	4	Glyphosate	No-phosphorus	Early	Faba-beanRootGlyphosateEarly
s1l2_64_CTGAGTTCCGAC	Faba-bean	Leaf	Control	6	Control	No-phosphorus	Early	Faba-beanLeafControlEarly
s1l2_65_TCCTGGCACATC	Potato	Root	Phosphorus	3	Control	Phosphorus	Early	PotatoRootPhosphorusEarly
s1l2_66_CCGCAATCATC	Potato	Root	Glyphosate+Phosphorus	5	Glyphosate	Phosphorus	Early	PotatoRootGlyphosate+PhosphorusEarly
s1l2_67_TTCCTACCAGTC	Potato	Leaf	Control	8	Control	No-phosphorus	Early	PotatoLeafControlEarly
s1l2_68_TCAAGAAGTTC	Potato	Leaf	Glyphosate	10	Glyphosate	No-phosphorus	Early	PotatoLeafGlyphosateEarly
s1l2_69_TTCAATTGGC	Potato	Leaf	Glyphosate+Phosphorus	1	Glyphosate	Phosphorus	Early	PotatoLeafGlyphosate+PhosphorusEarly
s1l2_7_TTCGTGATTC	Faba-bean	Root	Control	8	Control	No-phosphorus	Early	Faba-beanRootControlEarly
s1l2_70_CCTACTGGTC	Faba-bean	Root	Control	3	Control	No-phosphorus	Early	Faba-beanRootControlEarly
s1l2_71_TGAGGCTCCGAC	Faba-bean	Root	Glyphosate	5	Glyphosate	No-phosphorus	Early	Faba-beanRootGlyphosateEarly
s1l2_72_CGAAGGCCACAC	Faba-bean	Leaf	Control	8	Control	No-phosphorus	Early	Faba-beanLeafControlEarly
s1l2_73_TCTGCCTGTC	Potato	Root	Phosphorus	4	Control	Phosphorus	Early	PotatoRootPhosphorusEarly
s1l2_74_CGATCGGTTC	Potato	Root	Glyphosate+Phosphorus	6	Glyphosate	Phosphorus	Early	PotatoRootGlyphosate+PhosphorusEarly
s1l2_75_TCAGGAATAC	Potato	Leaf	Control	9	Control	No-phosphorus	Early	PotatoLeafControlEarly
s1l2_76_CGGAAGAACCTC	Potato	Leaf	Glyphosate	11	Glyphosate	No-phosphorus	Early	PotatoLeafGlyphosateEarly
s1l2_77_CGAAGCGATTC	Potato	Leaf	Glyphosate+Phosphorus	2	Glyphosate	Phosphorus	Early	PotatoLeafGlyphosate+PhosphorusEarly
s1l2_78_CAGCCAATTCTC	Faba-bean	Root	Control	4	Control	No-phosphorus	Early	Faba-beanRootControlEarly
s1l2_79_CCTGGTTGTC	Faba-bean	Root	Glyphosate	6	Glyphosate	No-phosphorus	Early	Faba-beanRootGlyphosateEarly
s1l2_80_TCGAAGGCAGGC	Faba-bean	Leaf	Control	9	Control	No-phosphorus	Early	Faba-beanLeafControlEarly
s1l2_81_CCTGCCATTCGC	Potato	Root	Phosphorus	5	Control	Phosphorus	Early	PotatoRootPhosphorusEarly
s1l2_82_TTGGCATCTC	Potato	Root	Glyphosate+Phosphorus	8	Glyphosate	Phosphorus	Early	PotatoRootGlyphosate+PhosphorusEarly
s1l2_83_CTAGGACATTC	Potato	Leaf	Control	10	Control	No-phosphorus	Early	PotatoLeafControlEarly
s1l2_84_CTTCCATAAC	Potato	Leaf	Phosphorus	1	Control	Phosphorus	Early	PotatoLeafPhosphorusEarly
s1l2_85_CCAGCCTCAAC	Potato	Leaf	Glyphosate+Phosphorus	3	Glyphosate	Phosphorus	Early	PotatoLeafGlyphosate+PhosphorusEarly
s1l2_86_CTTGGTTATTC	Faba-bean	Root	Control	5	Control	No-phosphorus	Early	Faba-beanRootControlEarly
s1l2_87_TTGGCTGGAC	Faba-bean	Root	Glyphosate	8	Glyphosate	No-phosphorus	Early	Faba-beanRootGlyphosateEarly
s1l2_89_TCCTGAATCTC	Potato	Root	Phosphorus	6	Control	Phosphorus	Early	PotatoRootPhosphorusEarly
s1l2_9_TGAGCGGAAC	Potato	Root	Glyphosate	6	Glyphosate	No-phosphorus	Early	PotatoRootGlyphosateEarly
s1l2_90_CTAACCACGGC	Potato	Root	Glyphosate+Phosphorus	9	Glyphosate	Phosphorus	Early	PotatoRootGlyphosate+PhosphorusEarly
s1l2_91_CGGAAGGATGC	Potato	Leaf	Control	11	Control	No-phosphorus	Early	PotatoLeafControlEarly
s1l2_92_CTAGGAACCGC	Potato	Leaf	Phosphorus	2	Control	Phosphorus	Early	PotatoLeafPhosphorusEarly
s1l2_93_CTTGTCCAATC	Potato	Leaf	Glyphosate+Phosphorus	4	Glyphosate	Phosphorus	Early	PotatoLeafGlyphosate+PhosphorusEarly
s1l2_94_TCCGACAAGC	Faba-bean	Root	Control	6	Control	No-phosphorus	Early	Faba-beanRootControlEarly
s1l2_95_CGGACAGATC	Faba-bean	Root	Glyphosate	9	Glyphosate	No-phosphorus	Early	Faba-beanRootGlyphosateEarly
s1l3_1_CTAAGGTAAC	Faba-bean	Leaf	Control	10	Control	No-phosphorus	Early	Faba-beanLeafControlEarly
s1l3_10_CTGACCGAAC	Faba-bean	Nodule	Control	2	Control	No-phosphorus	Early	Faba-beanNoduleControlEarly
s1l3_11_TCCTCGAATC	Faba-bean	Nodule	Glyphosate	4	Glyphosate	No-phosphorus	Early	Faba-beanNoduleGlyphosateEarly
s1l3_12_TAGGTGGTTC	Faba-bean	Root	Phosphorus	6	Control	Phosphorus	Early	Faba-beanRootPhosphorusEarly
s1l3_13_TCTAACGGAC	Faba-bean	Root	Glyphosate+Phosphorus	9	Glyphosate	Phosphorus	Early	Faba-beanRootGlyphosate+PhosphorusEarly
s1l3_14_TTGGAGTGTC	Faba-bean	Leaf	Phosphorus	11	Control	Phosphorus	Early	Faba-beanLeafPhosphorusEarly
s1l3_15_TCTAGAGGTC	Faba-bean	Nodule	Phosphorus	2	Control	Phosphorus	Early	Faba-beanNodulePhosphorusEarly
s1l3_16_TCTGGATGAC	Faba-bean	Nodule	Glyphosate+Phosphorus	4	Glyphosate	Phosphorus	Early	Faba-beanNoduleGlyphosate+PhosphorusEarly
s1l3_17_TCTATTCGTC	Faba-bean	Leaf	Glyphosate	1	Glyphosate	No-phosphorus	Early	Faba-beanLeafGlyphosateEarly
s1l3_18_AGGCAATTGC	Faba-bean	Nodule	Control	3	Control	No-phosphorus	Early	Faba-beanNoduleControlEarly
s1l3_19_TTAGTCGGAC	Faba-bean	Nodule	Glyphosate	5	Glyphosate	No-phosphorus	Early	Faba-beanNoduleGlyphosateEarly
s1l3_2_TAAGGAGAAC	Faba-bean	Nodule	Control	1	Control	No-phosphorus	Early	Faba-beanNoduleControlEarly
s1l3_20_CAGATCCATC	Faba-bean	Root	Phosphorus	8	Control	Phosphorus	Early	Faba-beanRootPhosphorusEarly
s1l3_21_TCGCAATTAC	Faba-bean	Root	Glyphosate+Phosphorus	10	Glyphosate	Phosphorus	Early	Faba-beanRootGlyphosate+PhosphorusEarly
s1l3_22_TTCGAGACGC	Faba-bean	Leaf	Glyphosate+Phosphorus	1	Glyphosate	Phosphorus	Early	Faba-beanLeafGlyphosate+PhosphorusEarly
s1l3_23_TGCCACGAAC	Faba-bean	Nodule	Phosphorus	3	Control	Phosphorus	Early	Faba-beanNodulePhosphorusEarly
s1l3_24_AACCTCATTC	Faba-bean	Nodule	Glyphosate+Phosphorus	5	Glyphosate	Phosphorus	Early	Faba-beanNoduleGlyphosate+PhosphorusEarly
s1l3_25_CCTGAGATAC	Faba-bean	Leaf	Glyphosate	2	Glyphosate	No-phosphorus	Early	Faba-beanLeafGlyphosateEarly
s1l3_26_TTACAACCTC	Faba-bean	Nodule	Control	4	Control	No-phosphorus	Early	Faba-beanNoduleControlEarly
s1l3_27_AACCATCCGC	Faba-bean	Nodule	Glyphosate	6	Glyphosate	No-phosphorus	Early	Faba-beanNoduleGlyphosateEarly
s1l3_28_ATCCGGAATC	Faba-bean	Root	Phosphorus	9	Control	Phosphorus	Early	Faba-beanRootPhosphorusEarly
s1l3_29_TCGACCACTC	Faba-bean	Root	Glyphosate+Phosphorus	11	Glyphosate	Phosphorus	Early	Faba-beanRootGlyphosate+PhosphorusEarly
s1l3_3_AAGAGGATTC	Faba-bean	Nodule	Glyphosate	3	Glyphosate	No-phosphorus	Early	Faba-beanNoduleGlyphosateEarly
s1l3_30_CGAGGTTATC	Faba-bean	Leaf	Glyphosate+Phosphorus	2	Glyphosate	Phosphorus	Early	Faba-beanLeafGlyphosate+PhosphorusEarly
s1l3_31_TCCAAGCTGC	Faba-bean	Nodule	Phosphorus	4	Control	Phosphorus	Early	Faba-beanNodulePhosphorusEarly
s1l3_32_TCTTACACAC	Faba-bean	Nodule	Glyphosate+Phosphorus	6	Glyphosate	Phosphorus	Early	Faba-beanNoduleGlyphosate+PhosphorusEarly
s1l3_33_TTCTCATTGAAC	Faba-bean	Leaf	Glyphosate	3	Glyphosate	No-phosphorus	Early	Faba-beanLeafGlyphosateEarly
s1l3_34_TCGCATCGTTC	Faba-bean	Nodule	Control	5	Control	No-phosphorus	Early	Faba-beanNoduleControlEarly
s1l3_35_TAAGCCATTGTC	Faba-bean	Nodule	Glyphosate	8	Glyphosate	No-phosphorus	Early	Faba-beanNoduleGlyphosateEarly
s1l3_36_AAGGAATCGTC	Faba-bean	Root	Phosphorus	10	Control	Phosphorus	Early	Faba-beanRootPhosphorusEarly
s1l3_37_CTTGAGAATGTC	Faba-bean	Leaf	Phosphorus	1	Control	Phosphorus	Early	Faba-beanLeafPhosphorusEarly
s1l3_38_TGGAGGACGGAC	Faba-bean	Leaf	Glyphosate+Phosphorus	3	Glyphosate	Phosphorus	Early	Faba-beanLeafGlyphosate+PhosphorusEarly
s1l3_39_TAACAATCGGC	Faba-bean	Nodule	Phosphorus	5	Control	Phosphorus	Early	Faba-beanNodulePhosphorusEarly
s1l3_4_TACCAAGATC	Faba-bean	Root	Phosphorus	5	Control	Phosphorus	Early	Faba-beanRootPhosphorusEarly
s1l3_40_CTGACATAATC	Faba-bean	Nodule	Glyphosate+Phosphorus	8	Glyphosate	Phosphorus	Early	Faba-beanNoduleGlyphosate+PhosphorusEarly
s1l3_41_TTCCACTTCGC	Faba-bean	Leaf	Glyphosate	4	Glyphosate	No-phosphorus	Early	Faba-beanLeafGlyphosateEarly
s1l3_42_AGCACGAATC	Faba-bean	Nodule	Control	6	Control	No-phosphorus	Early	Faba-beanNoduleControlEarly
s1l3_43_CTTGACACCGC	Faba-bean	Nodule	Glyphosate	9	Glyphosate	No-phosphorus	Early	Faba-beanNoduleGlyphosateEarly
s1l3_44_TTGGAGGCCAGC	Faba-bean	Root	Phosphorus	11	Control	Phosphorus	Early	Faba-beanRootPhosphorusEarly
s1l3_45_TGGAGCTTCCTC	Faba-bean	Leaf	Phosphorus	2	Control	Phosphorus	Early	Faba-beanLeafPhosphorusEarly
s1l3_46_TCAGTCCGAAC	Faba-bean	Leaf	Glyphosate+Phosphorus	4	Glyphosate	Phosphorus	Early	Faba-beanLeafGlyphosate+PhosphorusEarly
s1l3_47_TAAGGCAACCAC	Faba-bean	Nodule	Phosphorus	6	Control	Phosphorus	Early	Faba-beanNodulePhosphorusEarly
s1l3_48_TTCTAAGAGAC	Faba-bean	Nodule	Glyphosate+Phosphorus	9	Glyphosate	Phosphorus	Early	Faba-beanNoduleGlyphosate+PhosphorusEarly
s1l3_49_TCCTAACATAAC	Faba-bean	Leaf	Glyphosate	5	Glyphosate	No-phosphorus	Early	Faba-beanLeafGlyphosateEarly
s1l3_5_CAGAAGGAAC	Faba-bean	Root	Glyphosate+Phosphorus	8	Glyphosate	Phosphorus	Early	Faba-beanRootGlyphosate+PhosphorusEarly
s1l3_50_CGGACAATGGC	Faba-bean	Nodule	Control	8	Control	No-phosphorus	Early	Faba-beanNoduleControlEarly
s1l3_51_TTGAGCCTATTC	Faba-bean	Nodule	Glyphosate	10	Glyphosate	No-phosphorus	Early	Faba-beanNoduleGlyphosateEarly
s1l3_52_CCGCATGGAAC	Faba-bean	Root	Glyphosate+Phosphorus	1	Glyphosate	Phosphorus	Early	Faba-beanRootGlyphosate+PhosphorusEarly
s1l3_53_CTGGCAATCCTC	Faba-bean	Leaf	Phosphorus	3	Control	Phosphorus	Early	Faba-beanLeafPhosphorusEarly
s1l3_54_CCGGAGAATCGC	Faba-bean	Leaf	Glyphosate+Phosphorus	5	Glyphosate	Phosphorus	Early	Faba-beanLeafGlyphosate+PhosphorusEarly
s1l3_55_TCCACCTCCTC	Faba-bean	Nodule	Phosphorus	8	Control	Phosphorus	Early	Faba-beanNodulePhosphorusEarly
s1l3_56_CAGCATTAATTC	Faba-bean	Nodule	Glyphosate+Phosphorus	10	Glyphosate	Phosphorus	Early	Faba-beanNoduleGlyphosate+PhosphorusEarly
s1l3_57_TCTGGCAACGGC	Faba-bean	Leaf	Glyphosate	6	Glyphosate	No-phosphorus	Early	Faba-beanLeafGlyphosateEarly
s1l3_58_TCCTAGAACAC	Faba-bean	Nodule	Control	9	Control	No-phosphorus	Early	Faba-beanNoduleControlEarly
s1l3_59_TCCTTGATGTTC	Faba-bean	Nodule	Glyphosate	11	Glyphosate	No-phosphorus	Early	Faba-beanNoduleGlyphosateEarly
s1l3_6_CTGCAAGTTC	Faba-bean	Leaf	Phosphorus	10	Control	Phosphorus	Early	Faba-beanLeafPhosphorusEarly
s1l3_60_TCTAGCTCTTC	Faba-bean	Root	Glyphosate+Phosphorus	2	Glyphosate	Phosphorus	Early	Faba-beanRootGlyphosate+PhosphorusEarly
s1l3_61_TCACTCGGATC	Faba-bean	Leaf	Phosphorus	4	Control	Phosphorus	Early	Faba-beanLeafPhosphorusEarly
s1l3_62_TTCCTGCTTCAC	Faba-bean	Leaf	Glyphosate+Phosphorus	6	Glyphosate	Phosphorus	Early	Faba-beanLeafGlyphosate+PhosphorusEarly
s1l3_63_CCTTAGAGTTC	Faba-bean	Nodule	Phosphorus	9	Control	Phosphorus	Early	Faba-beanNodulePhosphorusEarly
s1l3_64_CTGAGTTCCGAC	Faba-bean	Nodule	Glyphosate+Phosphorus	11	Glyphosate	Phosphorus	Early	Faba-beanNoduleGlyphosate+PhosphorusEarly
s1l3_65_TCCTGGCACATC	Faba-bean	Leaf	Glyphosate	8	Glyphosate	No-phosphorus	Early	Faba-beanLeafGlyphosateEarly
s1l3_66_CCGCAATCATC	Faba-bean	Nodule	Control	10	Control	No-phosphorus	Early	Faba-beanNoduleControlEarly
s1l3_67_TTCCTACCAGTC	Faba-bean	Root	Phosphorus	1	Control	Phosphorus	Early	Faba-beanRootPhosphorusEarly
s1l3_68_TCAAGAAGTTC	Faba-bean	Root	Glyphosate+Phosphorus	3	Glyphosate	Phosphorus	Early	Faba-beanRootGlyphosate+PhosphorusEarly
s1l3_69_TTCAATTGGC	Faba-bean	Leaf	Phosphorus	5	Control	Phosphorus	Early	Faba-beanLeafPhosphorusEarly
s1l3_7_TTCGTGATTC	Faba-bean	Nodule	Phosphorus	1	Control	Phosphorus	Early	Faba-beanNodulePhosphorusEarly
s1l3_70_CCTACTGGTC	Faba-bean	Leaf	Glyphosate+Phosphorus	8	Glyphosate	Phosphorus	Early	Faba-beanLeafGlyphosate+PhosphorusEarly
s1l3_71_TGAGGCTCCGAC	Faba-bean	Nodule	Phosphorus	10	Control	Phosphorus	Early	Faba-beanNodulePhosphorusEarly
s1l3_73_TCTGCCTGTC	Faba-bean	Leaf	Glyphosate	9	Glyphosate	No-phosphorus	Early	Faba-beanLeafGlyphosateEarly
s1l3_74_CGATCGGTTC	Faba-bean	Nodule	Control	11	Control	No-phosphorus	Early	Faba-beanNoduleControlEarly
s1l3_75_TCAGGAATAC	Faba-bean	Root	Phosphorus	2	Control	Phosphorus	Early	Faba-beanRootPhosphorusEarly
s1l3_76_CGGAAGAACCTC	Faba-bean	Root	Glyphosate+Phosphorus	4	Glyphosate	Phosphorus	Early	Faba-beanRootGlyphosate+PhosphorusEarly
s1l3_77_CGAAGCGATTC	Faba-bean	Leaf	Phosphorus	6	Control	Phosphorus	Early	Faba-beanLeafPhosphorusEarly
s1l3_78_CAGCCAATTCTC	Faba-bean	Leaf	Glyphosate+Phosphorus	9	Glyphosate	Phosphorus	Early	Faba-beanLeafGlyphosate+PhosphorusEarly
s1l3_79_CCTGGTTGTC	Faba-bean	Nodule	Phosphorus	11	Control	Phosphorus	Early	Faba-beanNodulePhosphorusEarly
s1l3_8_TTCCGATAAC	Faba-bean	Nodule	Glyphosate+Phosphorus	3	Glyphosate	Phosphorus	Early	Faba-beanNoduleGlyphosate+PhosphorusEarly
s1l3_81_CCTGCCATTCGC	Faba-bean	Leaf	Glyphosate	10	Glyphosate	No-phosphorus	Early	Faba-beanLeafGlyphosateEarly
s1l3_82_TTGGCATCTC	Faba-bean	Nodule	Glyphosate	1	Glyphosate	No-phosphorus	Early	Faba-beanNoduleGlyphosateEarly
s1l3_83_CTAGGACATTC	Faba-bean	Root	Phosphorus	3	Control	Phosphorus	Early	Faba-beanRootPhosphorusEarly
s1l3_84_CTTCCATAAC	Faba-bean	Root	Glyphosate+Phosphorus	5	Glyphosate	Phosphorus	Early	Faba-beanRootGlyphosate+PhosphorusEarly
s1l3_85_CCAGCCTCAAC	Faba-bean	Leaf	Phosphorus	8	Control	Phosphorus	Early	Faba-beanLeafPhosphorusEarly
s1l3_86_CTTGGTTATTC	Faba-bean	Leaf	Glyphosate+Phosphorus	10	Glyphosate	Phosphorus	Early	Faba-beanLeafGlyphosate+PhosphorusEarly
s1l3_87_TTGGCTGGAC	Faba-bean	Nodule	Glyphosate+Phosphorus	1	Glyphosate	Phosphorus	Early	Faba-beanNoduleGlyphosate+PhosphorusEarly
s1l3_89_TCCTGAATCTC	Faba-bean	Leaf	Glyphosate	11	Glyphosate	No-phosphorus	Early	Faba-beanLeafGlyphosateEarly
s1l3_9_TGAGCGGAAC	Faba-bean	Leaf	Control	11	Control	No-phosphorus	Early	Faba-beanLeafControlEarly
s1l3_90_CTAACCACGGC	Faba-bean	Nodule	Glyphosate	2	Glyphosate	No-phosphorus	Early	Faba-beanNoduleGlyphosateEarly
s1l3_91_CGGAAGGATGC	Faba-bean	Root	Phosphorus	4	Control	Phosphorus	Early	Faba-beanRootPhosphorusEarly
s1l3_92_CTAGGAACCGC	Faba-bean	Root	Glyphosate+Phosphorus	6	Glyphosate	Phosphorus	Early	Faba-beanRootGlyphosate+PhosphorusEarly
s1l3_93_CTTGTCCAATC	Faba-bean	Leaf	Phosphorus	9	Control	Phosphorus	Early	Faba-beanLeafPhosphorusEarly
s1l3_94_TCCGACAAGC	Faba-bean	Leaf	Glyphosate+Phosphorus	11	Glyphosate	Phosphorus	Early	Faba-beanLeafGlyphosate+PhosphorusEarly
s1l3_95_CGGACAGATC	Faba-bean	Nodule	Glyphosate+Phosphorus	2	Glyphosate	Phosphorus	Early	Faba-beanNoduleGlyphosate+PhosphorusEarly
s2l1_1_CTAAGGTAAC	Oat	Root	Control	1	Control	No-phosphorus	Late	OatRootControlLate
s2l1_10_CTGACCGAAC	Oat	Root	Control	11	Control	No-phosphorus	Late	OatRootControlLate
s2l1_11_TCCTCGAATC	Oat	Root	Glyphosate	1	Glyphosate	No-phosphorus	Late	OatRootGlyphosateLate
s2l1_12_TAGGTGGTTC	Oat	Root	Glyphosate	2	Glyphosate	No-phosphorus	Late	OatRootGlyphosateLate
s2l1_13_TCTAACGGAC	Oat	Root	Glyphosate	3	Glyphosate	No-phosphorus	Late	OatRootGlyphosateLate
s2l1_14_TTGGAGTGTC	Oat	Root	Glyphosate	4	Glyphosate	No-phosphorus	Late	OatRootGlyphosateLate
s2l1_15_TCTAGAGGTC	Oat	Root	Glyphosate	5	Glyphosate	No-phosphorus	Late	OatRootGlyphosateLate
s2l1_16_TCTGGATGAC	Oat	Root	Glyphosate	6	Glyphosate	No-phosphorus	Late	OatRootGlyphosateLate
s2l1_17_TCTATTCGTC	Oat	Root	Glyphosate	8	Glyphosate	No-phosphorus	Late	OatRootGlyphosateLate
s2l1_18_AGGCAATTGC	Oat	Root	Glyphosate	9	Glyphosate	No-phosphorus	Late	OatRootGlyphosateLate
s2l1_19_TTAGTCGGAC	Oat	Root	Glyphosate	10	Glyphosate	No-phosphorus	Late	OatRootGlyphosateLate
s2l1_2_TAAGGAGAAC	Oat	Root	Control	2	Control	No-phosphorus	Late	OatRootControlLate
s2l1_20_CAGATCCATC	Oat	Root	Glyphosate	11	Glyphosate	No-phosphorus	Late	OatRootGlyphosateLate
s2l1_21_TCGCAATTAC	Oat	Root	Phosphorus	1	Control	Phosphorus	Late	OatRootPhosphorusLate
s2l1_22_TTCGAGACGC	Oat	Root	Phosphorus	2	Control	Phosphorus	Late	OatRootPhosphorusLate
s2l1_23_TGCCACGAAC	Oat	Root	Phosphorus	3	Control	Phosphorus	Late	OatRootPhosphorusLate
s2l1_24_AACCTCATTC	Oat	Root	Phosphorus	4	Control	Phosphorus	Late	OatRootPhosphorusLate
s2l1_25_CCTGAGATAC	Oat	Root	Phosphorus	5	Control	Phosphorus	Late	OatRootPhosphorusLate
s2l1_26_TTACAACCTC	Oat	Root	Phosphorus	6	Control	Phosphorus	Late	OatRootPhosphorusLate
s2l1_27_AACCATCCGC	Oat	Root	Phosphorus	8	Control	Phosphorus	Late	OatRootPhosphorusLate
s2l1_28_ATCCGGAATC	Oat	Root	Phosphorus	9	Control	Phosphorus	Late	OatRootPhosphorusLate
s2l1_29_TCGACCACTC	Oat	Root	Phosphorus	10	Control	Phosphorus	Late	OatRootPhosphorusLate
s2l1_3_AAGAGGATTC	Oat	Root	Control	3	Control	No-phosphorus	Late	OatRootControlLate
s2l1_30_CGAGGTTATC	Oat	Root	Phosphorus	11	Control	Phosphorus	Late	OatRootPhosphorusLate
s2l1_31_TCCAAGCTGC	Oat	Root	Glyphosate+Phosphorus	1	Glyphosate	Phosphorus	Late	OatRootGlyphosate+PhosphorusLate
s2l1_32_TCTTACACAC	Oat	Root	Glyphosate+Phosphorus	2	Glyphosate	Phosphorus	Late	OatRootGlyphosate+PhosphorusLate
s2l1_33_TTCTCATTGAAC	Oat	Root	Glyphosate+Phosphorus	3	Glyphosate	Phosphorus	Late	OatRootGlyphosate+PhosphorusLate
s2l1_34_TCGCATCGTTC	Oat	Root	Glyphosate+Phosphorus	4	Glyphosate	Phosphorus	Late	OatRootGlyphosate+PhosphorusLate
s2l1_35_TAAGCCATTGTC	Oat	Root	Glyphosate+Phosphorus	5	Glyphosate	Phosphorus	Late	OatRootGlyphosate+PhosphorusLate
s2l1_36_AAGGAATCGTC	Oat	Root	Glyphosate+Phosphorus	6	Glyphosate	Phosphorus	Late	OatRootGlyphosate+PhosphorusLate
s2l1_37_CTTGAGAATGTC	Oat	Root	Glyphosate+Phosphorus	8	Glyphosate	Phosphorus	Late	OatRootGlyphosate+PhosphorusLate
s2l1_38_TGGAGGACGGAC	Oat	Root	Glyphosate+Phosphorus	9	Glyphosate	Phosphorus	Late	OatRootGlyphosate+PhosphorusLate
s2l1_39_TAACAATCGGC	Oat	Root	Glyphosate+Phosphorus	10	Glyphosate	Phosphorus	Late	OatRootGlyphosate+PhosphorusLate
s2l1_4_TACCAAGATC	Oat	Root	Control	4	Control	No-phosphorus	Late	OatRootControlLate
s2l1_40_CTGACATAATC	Oat	Root	Glyphosate+Phosphorus	11	Glyphosate	Phosphorus	Late	OatRootGlyphosate+PhosphorusLate
s2l1_41_TTCCACTTCGC	Oat	Leaf	Control	1	Control	No-phosphorus	Late	OatLeafControlLate
s2l1_42_AGCACGAATC	Oat	Leaf	Control	2	Control	No-phosphorus	Late	OatLeafControlLate
s2l1_43_CTTGACACCGC	Oat	Leaf	Control	3	Control	No-phosphorus	Late	OatLeafControlLate
s2l1_44_TTGGAGGCCAGC	Oat	Leaf	Control	4	Control	No-phosphorus	Late	OatLeafControlLate
s2l1_45_TGGAGCTTCCTC	Oat	Leaf	Control	5	Control	No-phosphorus	Late	OatLeafControlLate
s2l1_46_TCAGTCCGAAC	Oat	Leaf	Control	6	Control	No-phosphorus	Late	OatLeafControlLate
s2l1_47_TAAGGCAACCAC	Oat	Leaf	Control	8	Control	No-phosphorus	Late	OatLeafControlLate
s2l1_48_TTCTAAGAGAC	Oat	Leaf	Control	9	Control	No-phosphorus	Late	OatLeafControlLate
s2l1_49_TCCTAACATAAC	Oat	Leaf	Control	10	Control	No-phosphorus	Late	OatLeafControlLate
s2l1_5_CAGAAGGAAC	Oat	Root	Control	5	Control	No-phosphorus	Late	OatRootControlLate
s2l1_51_TTGAGCCTATTC	Oat	Leaf	Glyphosate	1	Glyphosate	No-phosphorus	Late	OatLeafGlyphosateLate
s2l1_52_CCGCATGGAAC	Oat	Leaf	Glyphosate	2	Glyphosate	No-phosphorus	Late	OatLeafGlyphosateLate
s2l1_53_CTGGCAATCCTC	Oat	Leaf	Glyphosate	3	Glyphosate	No-phosphorus	Late	OatLeafGlyphosateLate
s2l1_54_CCGGAGAATCGC	Oat	Leaf	Glyphosate	4	Glyphosate	No-phosphorus	Late	OatLeafGlyphosateLate
s2l1_55_TCCACCTCCTC	Oat	Leaf	Glyphosate	5	Glyphosate	No-phosphorus	Late	OatLeafGlyphosateLate
s2l1_56_CAGCATTAATTC	Oat	Leaf	Glyphosate	6	Glyphosate	No-phosphorus	Late	OatLeafGlyphosateLate
s2l1_57_TCTGGCAACGGC	Oat	Leaf	Glyphosate	8	Glyphosate	No-phosphorus	Late	OatLeafGlyphosateLate
s2l1_58_TCCTAGAACAC	Oat	Leaf	Glyphosate	9	Glyphosate	No-phosphorus	Late	OatLeafGlyphosateLate
s2l1_6_CTGCAAGTTC	Oat	Root	Control	6	Control	No-phosphorus	Late	OatRootControlLate
s2l1_60_TCTAGCTCTTC	Oat	Leaf	Glyphosate	11	Glyphosate	No-phosphorus	Late	OatLeafGlyphosateLate
s2l1_61_TCACTCGGATC	Oat	Leaf	Phosphorus	1	Control	Phosphorus	Late	OatLeafPhosphorusLate
s2l1_62_TTCCTGCTTCAC	Oat	Leaf	Phosphorus	2	Control	Phosphorus	Late	OatLeafPhosphorusLate
s2l1_63_CCTTAGAGTTC	Oat	Leaf	Phosphorus	3	Control	Phosphorus	Late	OatLeafPhosphorusLate
s2l1_64_CTGAGTTCCGAC	Oat	Leaf	Phosphorus	4	Control	Phosphorus	Late	OatLeafPhosphorusLate
s2l1_65_TCCTGGCACATC	Oat	Leaf	Phosphorus	5	Control	Phosphorus	Late	OatLeafPhosphorusLate
s2l1_66_CCGCAATCATC	Oat	Leaf	Phosphorus	6	Control	Phosphorus	Late	OatLeafPhosphorusLate
s2l1_67_TTCCTACCAGTC	Oat	Leaf	Phosphorus	8	Control	Phosphorus	Late	OatLeafPhosphorusLate
s2l1_68_TCAAGAAGTTC	Oat	Leaf	Phosphorus	9	Control	Phosphorus	Late	OatLeafPhosphorusLate
s2l1_69_TTCAATTGGC	Oat	Leaf	Phosphorus	10	Control	Phosphorus	Late	OatLeafPhosphorusLate
s2l1_7_TTCGTGATTC	Oat	Root	Control	8	Control	No-phosphorus	Late	OatRootControlLate
s2l1_70_CCTACTGGTC	Oat	Leaf	Phosphorus	11	Control	Phosphorus	Late	OatLeafPhosphorusLate
s2l1_71_TGAGGCTCCGAC	Oat	Leaf	Glyphosate+Phosphorus	1	Glyphosate	Phosphorus	Late	OatLeafGlyphosate+PhosphorusLate
s2l1_72_CGAAGGCCACAC	Oat	Leaf	Glyphosate+Phosphorus	2	Glyphosate	Phosphorus	Late	OatLeafGlyphosate+PhosphorusLate
s2l1_73_TCTGCCTGTC	Oat	Leaf	Glyphosate+Phosphorus	3	Glyphosate	Phosphorus	Late	OatLeafGlyphosate+PhosphorusLate
s2l1_74_CGATCGGTTC	Oat	Leaf	Glyphosate+Phosphorus	4	Glyphosate	Phosphorus	Late	OatLeafGlyphosate+PhosphorusLate
s2l1_75_TCAGGAATAC	Oat	Leaf	Glyphosate+Phosphorus	5	Glyphosate	Phosphorus	Late	OatLeafGlyphosate+PhosphorusLate
s2l1_76_CGGAAGAACCTC	Oat	Leaf	Glyphosate+Phosphorus	6	Glyphosate	Phosphorus	Late	OatLeafGlyphosate+PhosphorusLate
s2l1_77_CGAAGCGATTC	Oat	Leaf	Glyphosate+Phosphorus	8	Glyphosate	Phosphorus	Late	OatLeafGlyphosate+PhosphorusLate
s2l1_78_CAGCCAATTCTC	Oat	Leaf	Glyphosate+Phosphorus	9	Glyphosate	Phosphorus	Late	OatLeafGlyphosate+PhosphorusLate
s2l1_79_CCTGGTTGTC	Oat	Leaf	Glyphosate+Phosphorus	10	Glyphosate	Phosphorus	Late	OatLeafGlyphosate+PhosphorusLate
s2l1_8_TTCCGATAAC	Oat	Root	Control	9	Control	No-phosphorus	Late	OatRootControlLate
s2l1_80_TCGAAGGCAGGC	Oat	Leaf	Glyphosate+Phosphorus	11	Glyphosate	Phosphorus	Late	OatLeafGlyphosate+PhosphorusLate
s2l1_9_TGAGCGGAAC	Oat	Root	Control	10	Control	No-phosphorus	Late	OatRootControlLate
s2l2_1_CTAAGGTAAC	Potato	Root	Control	1	Control	No-phosphorus	Late	PotatoRootControlLate
s2l2_10_CTGACCGAAC	Potato	Root	Control	11	Control	No-phosphorus	Late	PotatoRootControlLate
s2l2_11_TCCTCGAATC	Potato	Root	Glyphosate	1	Glyphosate	No-phosphorus	Late	PotatoRootGlyphosateLate
s2l2_12_TAGGTGGTTC	Potato	Root	Glyphosate	2	Glyphosate	No-phosphorus	Late	PotatoRootGlyphosateLate
s2l2_13_TCTAACGGAC	Potato	Root	Glyphosate	3	Glyphosate	No-phosphorus	Late	PotatoRootGlyphosateLate
s2l2_14_TTGGAGTGTC	Potato	Root	Glyphosate	4	Glyphosate	No-phosphorus	Late	PotatoRootGlyphosateLate
s2l2_15_TCTAGAGGTC	Potato	Root	Glyphosate	5	Glyphosate	No-phosphorus	Late	PotatoRootGlyphosateLate
s2l2_16_TCTGGATGAC	Potato	Root	Glyphosate	6	Glyphosate	No-phosphorus	Late	PotatoRootGlyphosateLate
s2l2_17_TCTATTCGTC	Potato	Root	Glyphosate	8	Glyphosate	No-phosphorus	Late	PotatoRootGlyphosateLate
s2l2_18_AGGCAATTGC	Potato	Root	Glyphosate	9	Glyphosate	No-phosphorus	Late	PotatoRootGlyphosateLate
s2l2_19_TTAGTCGGAC	Potato	Root	Glyphosate	10	Glyphosate	No-phosphorus	Late	PotatoRootGlyphosateLate
s2l2_2_TAAGGAGAAC	Potato	Root	Control	2	Control	No-phosphorus	Late	PotatoRootControlLate
s2l2_20_CAGATCCATC	Potato	Root	Glyphosate	11	Glyphosate	No-phosphorus	Late	PotatoRootGlyphosateLate
s2l2_21_TCGCAATTAC	Potato	Leaf	Control	1	Control	No-phosphorus	Late	PotatoLeafControlLate
s2l2_22_TTCGAGACGC	Potato	Leaf	Control	2	Control	No-phosphorus	Late	PotatoLeafControlLate
s2l2_23_TGCCACGAAC	Potato	Leaf	Control	3	Control	No-phosphorus	Late	PotatoLeafControlLate
s2l2_24_AACCTCATTC	Potato	Leaf	Control	4	Control	No-phosphorus	Late	PotatoLeafControlLate
s2l2_25_CCTGAGATAC	Potato	Leaf	Control	5	Control	No-phosphorus	Late	PotatoLeafControlLate
s2l2_26_TTACAACCTC	Potato	Leaf	Control	6	Control	No-phosphorus	Late	PotatoLeafControlLate
s2l2_27_AACCATCCGC	Potato	Leaf	Control	8	Control	No-phosphorus	Late	PotatoLeafControlLate
s2l2_28_ATCCGGAATC	Potato	Leaf	Control	9	Control	No-phosphorus	Late	PotatoLeafControlLate
s2l2_29_TCGACCACTC	Potato	Leaf	Control	10	Control	No-phosphorus	Late	PotatoLeafControlLate
s2l2_3_AAGAGGATTC	Potato	Root	Control	3	Control	No-phosphorus	Late	PotatoRootControlLate
s2l2_30_CGAGGTTATC	Potato	Leaf	Control	11	Control	No-phosphorus	Late	PotatoLeafControlLate
s2l2_31_TCCAAGCTGC	Potato	Leaf	Glyphosate	1	Glyphosate	No-phosphorus	Late	PotatoLeafGlyphosateLate
s2l2_32_TCTTACACAC	Potato	Leaf	Glyphosate	2	Glyphosate	No-phosphorus	Late	PotatoLeafGlyphosateLate
s2l2_33_TTCTCATTGAAC	Potato	Leaf	Glyphosate	3	Glyphosate	No-phosphorus	Late	PotatoLeafGlyphosateLate
s2l2_34_TCGCATCGTTC	Potato	Leaf	Glyphosate	4	Glyphosate	No-phosphorus	Late	PotatoLeafGlyphosateLate
s2l2_35_TAAGCCATTGTC	Potato	Leaf	Glyphosate	5	Glyphosate	No-phosphorus	Late	PotatoLeafGlyphosateLate
s2l2_36_AAGGAATCGTC	Potato	Leaf	Glyphosate	6	Glyphosate	No-phosphorus	Late	PotatoLeafGlyphosateLate
s2l2_37_CTTGAGAATGTC	Potato	Leaf	Glyphosate	8	Glyphosate	No-phosphorus	Late	PotatoLeafGlyphosateLate
s2l2_38_TGGAGGACGGAC	Potato	Leaf	Glyphosate	9	Glyphosate	No-phosphorus	Late	PotatoLeafGlyphosateLate
s2l2_39_TAACAATCGGC	Potato	Leaf	Glyphosate	10	Glyphosate	No-phosphorus	Late	PotatoLeafGlyphosateLate
s2l2_4_TACCAAGATC	Potato	Root	Control	4	Control	No-phosphorus	Late	PotatoRootControlLate
s2l2_40_CTGACATAATC	Potato	Leaf	Glyphosate	11	Glyphosate	No-phosphorus	Late	PotatoLeafGlyphosateLate
s2l2_41_TTCCACTTCGC	Potato	Tuber	Control	1	Control	No-phosphorus	Late	PotatoTuberControlLate
s2l2_42_AGCACGAATC	Potato	Tuber	Control	2	Control	No-phosphorus	Late	PotatoTuberControlLate
s2l2_43_CTTGACACCGC	Potato	Tuber	Control	3	Control	No-phosphorus	Late	PotatoTuberControlLate
s2l2_44_TTGGAGGCCAGC	Potato	Tuber	Control	4	Control	No-phosphorus	Late	PotatoTuberControlLate
s2l2_45_TGGAGCTTCCTC	Potato	Tuber	Control	5	Control	No-phosphorus	Late	PotatoTuberControlLate
s2l2_46_TCAGTCCGAAC	Potato	Tuber	Control	6	Control	No-phosphorus	Late	PotatoTuberControlLate
s2l2_47_TAAGGCAACCAC	Potato	Tuber	Control	8	Control	No-phosphorus	Late	PotatoTuberControlLate
s2l2_48_TTCTAAGAGAC	Potato	Tuber	Control	9	Control	No-phosphorus	Late	PotatoTuberControlLate
s2l2_49_TCCTAACATAAC	Potato	Tuber	Control	10	Control	No-phosphorus	Late	PotatoTuberControlLate
s2l2_5_CAGAAGGAAC	Potato	Root	Control	5	Control	No-phosphorus	Late	PotatoRootControlLate
s2l2_50_CGGACAATGGC	Potato	Tuber	Control	11	Control	No-phosphorus	Late	PotatoTuberControlLate
s2l2_51_TTGAGCCTATTC	Potato	Tuber	Glyphosate	1	Glyphosate	No-phosphorus	Late	PotatoTuberGlyphosateLate
s2l2_52_CCGCATGGAAC	Potato	Tuber	Glyphosate	2	Glyphosate	No-phosphorus	Late	PotatoTuberGlyphosateLate
s2l2_53_CTGGCAATCCTC	Potato	Tuber	Glyphosate	3	Glyphosate	No-phosphorus	Late	PotatoTuberGlyphosateLate
s2l2_54_CCGGAGAATCGC	Potato	Tuber	Glyphosate	4	Glyphosate	No-phosphorus	Late	PotatoTuberGlyphosateLate
s2l2_55_TCCACCTCCTC	Potato	Tuber	Glyphosate	5	Glyphosate	No-phosphorus	Late	PotatoTuberGlyphosateLate
s2l2_56_CAGCATTAATTC	Potato	Tuber	Glyphosate	6	Glyphosate	No-phosphorus	Late	PotatoTuberGlyphosateLate
s2l2_57_TCTGGCAACGGC	Potato	Tuber	Glyphosate	8	Glyphosate	No-phosphorus	Late	PotatoTuberGlyphosateLate
s2l2_58_TCCTAGAACAC	Potato	Tuber	Glyphosate	9	Glyphosate	No-phosphorus	Late	PotatoTuberGlyphosateLate
s2l2_59_TCCTTGATGTTC	Potato	Tuber	Glyphosate	10	Glyphosate	No-phosphorus	Late	PotatoTuberGlyphosateLate
s2l2_6_CTGCAAGTTC	Potato	Root	Control	6	Control	No-phosphorus	Late	PotatoRootControlLate
s2l2_60_TCTAGCTCTTC	Potato	Tuber	Glyphosate	11	Glyphosate	No-phosphorus	Late	PotatoTuberGlyphosateLate
s2l2_61_TCACTCGGATC	Potato	Root	Phosphorus	1	Control	Phosphorus	Late	PotatoRootPhosphorusLate
s2l2_62_TTCCTGCTTCAC	Potato	Root	Phosphorus	2	Control	Phosphorus	Late	PotatoRootPhosphorusLate
s2l2_63_CCTTAGAGTTC	Potato	Root	Phosphorus	3	Control	Phosphorus	Late	PotatoRootPhosphorusLate
s2l2_64_CTGAGTTCCGAC	Potato	Root	Phosphorus	4	Control	Phosphorus	Late	PotatoRootPhosphorusLate
s2l2_65_TCCTGGCACATC	Potato	Root	Phosphorus	5	Control	Phosphorus	Late	PotatoRootPhosphorusLate
s2l2_66_CCGCAATCATC	Potato	Root	Phosphorus	6	Control	Phosphorus	Late	PotatoRootPhosphorusLate
s2l2_67_TTCCTACCAGTC	Potato	Root	Phosphorus	8	Control	Phosphorus	Late	PotatoRootPhosphorusLate
s2l2_68_TCAAGAAGTTC	Potato	Root	Phosphorus	9	Control	Phosphorus	Late	PotatoRootPhosphorusLate
s2l2_69_TTCAATTGGC	Potato	Root	Phosphorus	10	Control	Phosphorus	Late	PotatoRootPhosphorusLate
s2l2_7_TTCGTGATTC	Potato	Root	Control	8	Control	No-phosphorus	Late	PotatoRootControlLate
s2l2_70_CCTACTGGTC	Potato	Root	Phosphorus	11	Control	Phosphorus	Late	PotatoRootPhosphorusLate
s2l2_71_TGAGGCTCCGAC	Potato	Root	Glyphosate+Phosphorus	1	Glyphosate	Phosphorus	Late	PotatoRootGlyphosate+PhosphorusLate
s2l2_72_CGAAGGCCACAC	Potato	Root	Glyphosate+Phosphorus	2	Glyphosate	Phosphorus	Late	PotatoRootGlyphosate+PhosphorusLate
s2l2_73_TCTGCCTGTC	Potato	Root	Glyphosate+Phosphorus	3	Glyphosate	Phosphorus	Late	PotatoRootGlyphosate+PhosphorusLate
s2l2_74_CGATCGGTTC	Potato	Root	Glyphosate+Phosphorus	4	Glyphosate	Phosphorus	Late	PotatoRootGlyphosate+PhosphorusLate
s2l2_75_TCAGGAATAC	Potato	Root	Glyphosate+Phosphorus	5	Glyphosate	Phosphorus	Late	PotatoRootGlyphosate+PhosphorusLate
s2l2_76_CGGAAGAACCTC	Potato	Root	Glyphosate+Phosphorus	6	Glyphosate	Phosphorus	Late	PotatoRootGlyphosate+PhosphorusLate
s2l2_77_CGAAGCGATTC	Potato	Root	Glyphosate+Phosphorus	8	Glyphosate	Phosphorus	Late	PotatoRootGlyphosate+PhosphorusLate
s2l2_78_CAGCCAATTCTC	Potato	Root	Glyphosate+Phosphorus	9	Glyphosate	Phosphorus	Late	PotatoRootGlyphosate+PhosphorusLate
s2l2_79_CCTGGTTGTC	Potato	Root	Glyphosate+Phosphorus	10	Glyphosate	Phosphorus	Late	PotatoRootGlyphosate+PhosphorusLate
s2l2_8_TTCCGATAAC	Potato	Root	Control	9	Control	No-phosphorus	Late	PotatoRootControlLate
s2l2_80_TCGAAGGCAGGC	Potato	Root	Glyphosate+Phosphorus	11	Glyphosate	Phosphorus	Late	PotatoRootGlyphosate+PhosphorusLate
s2l2_9_TGAGCGGAAC	Potato	Root	Control	10	Control	No-phosphorus	Late	PotatoRootControlLate
s2l3_1_CTAAGGTAAC	Potato	Leaf	Phosphorus	1	Control	Phosphorus	Late	PotatoLeafPhosphorusLate
s2l3_10_CTGACCGAAC	Potato	Leaf	Phosphorus	11	Control	Phosphorus	Late	PotatoLeafPhosphorusLate
s2l3_11_TCCTCGAATC	Potato	Leaf	Glyphosate+Phosphorus	1	Glyphosate	Phosphorus	Late	PotatoLeafGlyphosate+PhosphorusLate
s2l3_12_TAGGTGGTTC	Potato	Leaf	Glyphosate+Phosphorus	2	Glyphosate	Phosphorus	Late	PotatoLeafGlyphosate+PhosphorusLate
s2l3_13_TCTAACGGAC	Potato	Leaf	Glyphosate+Phosphorus	3	Glyphosate	Phosphorus	Late	PotatoLeafGlyphosate+PhosphorusLate
s2l3_14_TTGGAGTGTC	Potato	Leaf	Glyphosate+Phosphorus	4	Glyphosate	Phosphorus	Late	PotatoLeafGlyphosate+PhosphorusLate
s2l3_15_TCTAGAGGTC	Potato	Leaf	Glyphosate+Phosphorus	5	Glyphosate	Phosphorus	Late	PotatoLeafGlyphosate+PhosphorusLate
s2l3_16_TCTGGATGAC	Potato	Leaf	Glyphosate+Phosphorus	6	Glyphosate	Phosphorus	Late	PotatoLeafGlyphosate+PhosphorusLate
s2l3_17_TCTATTCGTC	Potato	Leaf	Glyphosate+Phosphorus	8	Glyphosate	Phosphorus	Late	PotatoLeafGlyphosate+PhosphorusLate
s2l3_18_AGGCAATTGC	Potato	Leaf	Glyphosate+Phosphorus	9	Glyphosate	Phosphorus	Late	PotatoLeafGlyphosate+PhosphorusLate
s2l3_19_TTAGTCGGAC	Potato	Leaf	Glyphosate+Phosphorus	10	Glyphosate	Phosphorus	Late	PotatoLeafGlyphosate+PhosphorusLate
s2l3_2_TAAGGAGAAC	Potato	Leaf	Phosphorus	2	Control	Phosphorus	Late	PotatoLeafPhosphorusLate
s2l3_20_CAGATCCATC	Potato	Leaf	Glyphosate+Phosphorus	11	Glyphosate	Phosphorus	Late	PotatoLeafGlyphosate+PhosphorusLate
s2l3_21_TCGCAATTAC	Potato	Tuber	Phosphorus	1	Control	Phosphorus	Late	PotatoTuberPhosphorusLate
s2l3_22_TTCGAGACGC	Potato	Tuber	Phosphorus	2	Control	Phosphorus	Late	PotatoTuberPhosphorusLate
s2l3_23_TGCCACGAAC	Potato	Tuber	Phosphorus	3	Control	Phosphorus	Late	PotatoTuberPhosphorusLate
s2l3_24_AACCTCATTC	Potato	Tuber	Phosphorus	4	Control	Phosphorus	Late	PotatoTuberPhosphorusLate
s2l3_25_CCTGAGATAC	Potato	Tuber	Phosphorus	5	Control	Phosphorus	Late	PotatoTuberPhosphorusLate
s2l3_26_TTACAACCTC	Potato	Tuber	Phosphorus	6	Control	Phosphorus	Late	PotatoTuberPhosphorusLate
s2l3_27_AACCATCCGC	Potato	Tuber	Phosphorus	8	Control	Phosphorus	Late	PotatoTuberPhosphorusLate
s2l3_29_TCGACCACTC	Potato	Tuber	Phosphorus	10	Control	Phosphorus	Late	PotatoTuberPhosphorusLate
s2l3_3_AAGAGGATTC	Potato	Leaf	Phosphorus	3	Control	Phosphorus	Late	PotatoLeafPhosphorusLate
s2l3_30_CGAGGTTATC	Potato	Tuber	Phosphorus	11	Control	Phosphorus	Late	PotatoTuberPhosphorusLate
s2l3_31_TCCAAGCTGC	Potato	Tuber	Glyphosate+Phosphorus	1	Glyphosate	Phosphorus	Late	PotatoTuberGlyphosate+PhosphorusLate
s2l3_32_TCTTACACAC	Potato	Tuber	Glyphosate+Phosphorus	2	Glyphosate	Phosphorus	Late	PotatoTuberGlyphosate+PhosphorusLate
s2l3_33_TTCTCATTGAAC	Potato	Tuber	Glyphosate+Phosphorus	3	Glyphosate	Phosphorus	Late	PotatoTuberGlyphosate+PhosphorusLate
s2l3_34_TCGCATCGTTC	Potato	Tuber	Glyphosate+Phosphorus	4	Glyphosate	Phosphorus	Late	PotatoTuberGlyphosate+PhosphorusLate
s2l3_35_TAAGCCATTGTC	Potato	Tuber	Glyphosate+Phosphorus	5	Glyphosate	Phosphorus	Late	PotatoTuberGlyphosate+PhosphorusLate
s2l3_36_AAGGAATCGTC	Potato	Tuber	Glyphosate+Phosphorus	6	Glyphosate	Phosphorus	Late	PotatoTuberGlyphosate+PhosphorusLate
s2l3_37_CTTGAGAATGTC	Potato	Tuber	Glyphosate+Phosphorus	8	Glyphosate	Phosphorus	Late	PotatoTuberGlyphosate+PhosphorusLate
s2l3_38_TGGAGGACGGAC	Potato	Tuber	Glyphosate+Phosphorus	9	Glyphosate	Phosphorus	Late	PotatoTuberGlyphosate+PhosphorusLate
s2l3_39_TAACAATCGGC	Potato	Tuber	Glyphosate+Phosphorus	10	Glyphosate	Phosphorus	Late	PotatoTuberGlyphosate+PhosphorusLate
s2l3_4_TACCAAGATC	Potato	Leaf	Phosphorus	4	Control	Phosphorus	Late	PotatoLeafPhosphorusLate
s2l3_41_TTCCACTTCGC	Faba-bean	Root	Control	1	Control	No-phosphorus	Late	Faba-beanRootControlLate
s2l3_42_AGCACGAATC	Faba-bean	Root	Control	2	Control	No-phosphorus	Late	Faba-beanRootControlLate
s2l3_43_CTTGACACCGC	Faba-bean	Root	Control	3	Control	No-phosphorus	Late	Faba-beanRootControlLate
s2l3_44_TTGGAGGCCAGC	Faba-bean	Root	Control	4	Control	No-phosphorus	Late	Faba-beanRootControlLate
s2l3_45_TGGAGCTTCCTC	Faba-bean	Root	Control	5	Control	No-phosphorus	Late	Faba-beanRootControlLate
s2l3_46_TCAGTCCGAAC	Faba-bean	Root	Control	6	Control	No-phosphorus	Late	Faba-beanRootControlLate
s2l3_47_TAAGGCAACCAC	Faba-bean	Root	Control	8	Control	No-phosphorus	Late	Faba-beanRootControlLate
s2l3_48_TTCTAAGAGAC	Faba-bean	Root	Control	9	Control	No-phosphorus	Late	Faba-beanRootControlLate
s2l3_49_TCCTAACATAAC	Faba-bean	Root	Control	10	Control	No-phosphorus	Late	Faba-beanRootControlLate
s2l3_5_CAGAAGGAAC	Potato	Leaf	Phosphorus	5	Control	Phosphorus	Late	PotatoLeafPhosphorusLate
s2l3_50_CGGACAATGGC	Faba-bean	Root	Control	11	Control	No-phosphorus	Late	Faba-beanRootControlLate
s2l3_51_TTGAGCCTATTC	Faba-bean	Root	Glyphosate	1	Glyphosate	No-phosphorus	Late	Faba-beanRootGlyphosateLate
s2l3_52_CCGCATGGAAC	Faba-bean	Root	Glyphosate	2	Glyphosate	No-phosphorus	Late	Faba-beanRootGlyphosateLate
s2l3_53_CTGGCAATCCTC	Faba-bean	Root	Glyphosate	3	Glyphosate	No-phosphorus	Late	Faba-beanRootGlyphosateLate
s2l3_54_CCGGAGAATCGC	Faba-bean	Root	Glyphosate	4	Glyphosate	No-phosphorus	Late	Faba-beanRootGlyphosateLate
s2l3_55_TCCACCTCCTC	Faba-bean	Root	Glyphosate	5	Glyphosate	No-phosphorus	Late	Faba-beanRootGlyphosateLate
s2l3_56_CAGCATTAATTC	Faba-bean	Root	Glyphosate	6	Glyphosate	No-phosphorus	Late	Faba-beanRootGlyphosateLate
s2l3_57_TCTGGCAACGGC	Faba-bean	Root	Glyphosate	8	Glyphosate	No-phosphorus	Late	Faba-beanRootGlyphosateLate
s2l3_58_TCCTAGAACAC	Faba-bean	Root	Glyphosate	9	Glyphosate	No-phosphorus	Late	Faba-beanRootGlyphosateLate
s2l3_6_CTGCAAGTTC	Potato	Leaf	Phosphorus	6	Control	Phosphorus	Late	PotatoLeafPhosphorusLate
s2l3_60_TCTAGCTCTTC	Faba-bean	Root	Glyphosate	11	Glyphosate	No-phosphorus	Late	Faba-beanRootGlyphosateLate
s2l3_61_TCACTCGGATC	Faba-bean	Leaf	Control	1	Control	No-phosphorus	Late	Faba-beanLeafControlLate
s2l3_62_TTCCTGCTTCAC	Faba-bean	Leaf	Control	2	Control	No-phosphorus	Late	Faba-beanLeafControlLate
s2l3_63_CCTTAGAGTTC	Faba-bean	Leaf	Control	3	Control	No-phosphorus	Late	Faba-beanLeafControlLate
s2l3_64_CTGAGTTCCGAC	Faba-bean	Leaf	Control	4	Control	No-phosphorus	Late	Faba-beanLeafControlLate
s2l3_65_TCCTGGCACATC	Faba-bean	Leaf	Control	5	Control	No-phosphorus	Late	Faba-beanLeafControlLate
s2l3_66_CCGCAATCATC	Faba-bean	Leaf	Control	6	Control	No-phosphorus	Late	Faba-beanLeafControlLate
s2l3_67_TTCCTACCAGTC	Faba-bean	Leaf	Control	8	Control	No-phosphorus	Late	Faba-beanLeafControlLate
s2l3_68_TCAAGAAGTTC	Faba-bean	Leaf	Control	9	Control	No-phosphorus	Late	Faba-beanLeafControlLate
s2l3_69_TTCAATTGGC	Faba-bean	Leaf	Control	10	Control	No-phosphorus	Late	Faba-beanLeafControlLate
s2l3_7_TTCGTGATTC	Potato	Leaf	Phosphorus	8	Control	Phosphorus	Late	PotatoLeafPhosphorusLate
s2l3_70_CCTACTGGTC	Faba-bean	Leaf	Control	11	Control	No-phosphorus	Late	Faba-beanLeafControlLate
s2l3_71_TGAGGCTCCGAC	Faba-bean	Leaf	Glyphosate	1	Glyphosate	No-phosphorus	Late	Faba-beanLeafGlyphosateLate
s2l3_72_CGAAGGCCACAC	Faba-bean	Leaf	Glyphosate	2	Glyphosate	No-phosphorus	Late	Faba-beanLeafGlyphosateLate
s2l3_73_TCTGCCTGTC	Faba-bean	Leaf	Glyphosate	3	Glyphosate	No-phosphorus	Late	Faba-beanLeafGlyphosateLate
s2l3_74_CGATCGGTTC	Faba-bean	Leaf	Glyphosate	4	Glyphosate	No-phosphorus	Late	Faba-beanLeafGlyphosateLate
s2l3_75_TCAGGAATAC	Faba-bean	Leaf	Glyphosate	5	Glyphosate	No-phosphorus	Late	Faba-beanLeafGlyphosateLate
s2l3_76_CGGAAGAACCTC	Faba-bean	Leaf	Glyphosate	6	Glyphosate	No-phosphorus	Late	Faba-beanLeafGlyphosateLate
s2l3_77_CGAAGCGATTC	Faba-bean	Leaf	Glyphosate	8	Glyphosate	No-phosphorus	Late	Faba-beanLeafGlyphosateLate
s2l3_78_CAGCCAATTCTC	Faba-bean	Leaf	Glyphosate	9	Glyphosate	No-phosphorus	Late	Faba-beanLeafGlyphosateLate
s2l3_79_CCTGGTTGTC	Faba-bean	Leaf	Glyphosate	10	Glyphosate	No-phosphorus	Late	Faba-beanLeafGlyphosateLate
s2l3_8_TTCCGATAAC	Potato	Leaf	Phosphorus	9	Control	Phosphorus	Late	PotatoLeafPhosphorusLate
s2l3_80_TCGAAGGCAGGC	Faba-bean	Leaf	Glyphosate	11	Glyphosate	No-phosphorus	Late	Faba-beanLeafGlyphosateLate
s2l3_9_TGAGCGGAAC	Potato	Leaf	Phosphorus	10	Control	Phosphorus	Late	PotatoLeafPhosphorusLate
s2l4re_1_CTAAGGTAAC	Faba-bean	Nodule	Control	1	Control	No-phosphorus	Late	Faba-beanNoduleControlLate
s2l4re_10_CTGACCGAAC	Faba-bean	Nodule	Control	11	Control	No-phosphorus	Late	Faba-beanNoduleControlLate
s2l4re_11_TCCTCGAATC	Faba-bean	Nodule	Glyphosate	1	Glyphosate	No-phosphorus	Late	Faba-beanNoduleGlyphosateLate
s2l4re_12_TAGGTGGTTC	Faba-bean	Nodule	Glyphosate	2	Glyphosate	No-phosphorus	Late	Faba-beanNoduleGlyphosateLate
s2l4re_13_TCTAACGGAC	Faba-bean	Nodule	Glyphosate	3	Glyphosate	No-phosphorus	Late	Faba-beanNoduleGlyphosateLate
s2l4re_14_TTGGAGTGTC	Faba-bean	Nodule	Glyphosate	4	Glyphosate	No-phosphorus	Late	Faba-beanNoduleGlyphosateLate
s2l4re_15_TCTAGAGGTC	Faba-bean	Nodule	Glyphosate	5	Glyphosate	No-phosphorus	Late	Faba-beanNoduleGlyphosateLate
s2l4re_16_TCTGGATGAC	Faba-bean	Nodule	Glyphosate	6	Glyphosate	No-phosphorus	Late	Faba-beanNoduleGlyphosateLate
s2l4re_17_TCTATTCGTC	Faba-bean	Nodule	Glyphosate	8	Glyphosate	No-phosphorus	Late	Faba-beanNoduleGlyphosateLate
s2l4re_18_AGGCAATTGC	Faba-bean	Nodule	Glyphosate	9	Glyphosate	No-phosphorus	Late	Faba-beanNoduleGlyphosateLate
s2l4re_19_TTAGTCGGAC	Faba-bean	Nodule	Glyphosate	10	Glyphosate	No-phosphorus	Late	Faba-beanNoduleGlyphosateLate
s2l4re_2_TAAGGAGAAC	Faba-bean	Nodule	Control	2	Control	No-phosphorus	Late	Faba-beanNoduleControlLate
s2l4re_20_CAGATCCATC	Faba-bean	Nodule	Glyphosate	11	Glyphosate	No-phosphorus	Late	Faba-beanNoduleGlyphosateLate
s2l4re_21_TCGCAATTAC	Faba-bean	Root	Phosphorus	1	Control	Phosphorus	Late	Faba-beanRootPhosphorusLate
s2l4re_22_TTCGAGACGC	Faba-bean	Root	Phosphorus	2	Control	Phosphorus	Late	Faba-beanRootPhosphorusLate
s2l4re_23_TGCCACGAAC	Faba-bean	Root	Phosphorus	3	Control	Phosphorus	Late	Faba-beanRootPhosphorusLate
s2l4re_24_AACCTCATTC	Faba-bean	Root	Phosphorus	4	Control	Phosphorus	Late	Faba-beanRootPhosphorusLate
s2l4re_25_CCTGAGATAC	Faba-bean	Root	Phosphorus	5	Control	Phosphorus	Late	Faba-beanRootPhosphorusLate
s2l4re_26_TTACAACCTC	Faba-bean	Root	Phosphorus	6	Control	Phosphorus	Late	Faba-beanRootPhosphorusLate
s2l4re_27_AACCATCCGC	Faba-bean	Root	Phosphorus	8	Control	Phosphorus	Late	Faba-beanRootPhosphorusLate
s2l4re_28_ATCCGGAATC	Faba-bean	Root	Phosphorus	9	Control	Phosphorus	Late	Faba-beanRootPhosphorusLate
s2l4re_29_TCGACCACTC	Faba-bean	Root	Phosphorus	10	Control	Phosphorus	Late	Faba-beanRootPhosphorusLate
s2l4re_3_AAGAGGATTC	Faba-bean	Nodule	Control	3	Control	No-phosphorus	Late	Faba-beanNoduleControlLate
s2l4re_30_CGAGGTTATC	Faba-bean	Root	Phosphorus	11	Control	Phosphorus	Late	Faba-beanRootPhosphorusLate
s2l4re_31_TCCAAGCTGC	Faba-bean	Root	Glyphosate+Phosphorus	1	Glyphosate	Phosphorus	Late	Faba-beanRootGlyphosate+PhosphorusLate
s2l4re_32_TCTTACACAC	Faba-bean	Root	Glyphosate+Phosphorus	2	Glyphosate	Phosphorus	Late	Faba-beanRootGlyphosate+PhosphorusLate
s2l4re_33_TTCTCATTGAAC	Faba-bean	Root	Glyphosate+Phosphorus	3	Glyphosate	Phosphorus	Late	Faba-beanRootGlyphosate+PhosphorusLate
s2l4re_34_TCGCATCGTTC	Faba-bean	Root	Glyphosate+Phosphorus	4	Glyphosate	Phosphorus	Late	Faba-beanRootGlyphosate+PhosphorusLate
s2l4re_35_TAAGCCATTGTC	Faba-bean	Root	Glyphosate+Phosphorus	5	Glyphosate	Phosphorus	Late	Faba-beanRootGlyphosate+PhosphorusLate
s2l4re_36_AAGGAATCGTC	Faba-bean	Root	Glyphosate+Phosphorus	6	Glyphosate	Phosphorus	Late	Faba-beanRootGlyphosate+PhosphorusLate
s2l4re_37_CTTGAGAATGTC	Faba-bean	Root	Glyphosate+Phosphorus	8	Glyphosate	Phosphorus	Late	Faba-beanRootGlyphosate+PhosphorusLate
s2l4re_38_TGGAGGACGGAC	Faba-bean	Root	Glyphosate+Phosphorus	9	Glyphosate	Phosphorus	Late	Faba-beanRootGlyphosate+PhosphorusLate
s2l4re_39_TAACAATCGGC	Faba-bean	Root	Glyphosate+Phosphorus	10	Glyphosate	Phosphorus	Late	Faba-beanRootGlyphosate+PhosphorusLate
s2l4re_4_TACCAAGATC	Faba-bean	Nodule	Control	4	Control	No-phosphorus	Late	Faba-beanNoduleControlLate
s2l4re_40_CTGACATAATC	Faba-bean	Root	Glyphosate+Phosphorus	11	Glyphosate	Phosphorus	Late	Faba-beanRootGlyphosate+PhosphorusLate
s2l4re_41_TTCCACTTCGC	Faba-bean	Leaf	Phosphorus	1	Control	Phosphorus	Late	Faba-beanLeafPhosphorusLate
s2l4re_42_AGCACGAATC	Faba-bean	Leaf	Phosphorus	2	Control	Phosphorus	Late	Faba-beanLeafPhosphorusLate
s2l4re_43_CTTGACACCGC	Faba-bean	Leaf	Phosphorus	3	Control	Phosphorus	Late	Faba-beanLeafPhosphorusLate
s2l4re_44_TTGGAGGCCAGC	Faba-bean	Leaf	Phosphorus	4	Control	Phosphorus	Late	Faba-beanLeafPhosphorusLate
s2l4re_45_TGGAGCTTCCTC	Faba-bean	Leaf	Phosphorus	5	Control	Phosphorus	Late	Faba-beanLeafPhosphorusLate
s2l4re_46_TCAGTCCGAAC	Faba-bean	Leaf	Phosphorus	6	Control	Phosphorus	Late	Faba-beanLeafPhosphorusLate
s2l4re_47_TAAGGCAACCAC	Faba-bean	Leaf	Phosphorus	8	Control	Phosphorus	Late	Faba-beanLeafPhosphorusLate
s2l4re_48_TTCTAAGAGAC	Faba-bean	Leaf	Phosphorus	9	Control	Phosphorus	Late	Faba-beanLeafPhosphorusLate
s2l4re_49_TCCTAACATAAC	Faba-bean	Leaf	Phosphorus	10	Control	Phosphorus	Late	Faba-beanLeafPhosphorusLate
s2l4re_5_CAGAAGGAAC	Faba-bean	Nodule	Control	5	Control	No-phosphorus	Late	Faba-beanNoduleControlLate
s2l4re_50_CGGACAATGGC	Faba-bean	Leaf	Phosphorus	11	Control	Phosphorus	Late	Faba-beanLeafPhosphorusLate
s2l4re_51_TTGAGCCTATTC	Faba-bean	Leaf	Glyphosate+Phosphorus	1	Glyphosate	Phosphorus	Late	Faba-beanLeafGlyphosate+PhosphorusLate
s2l4re_52_CCGCATGGAAC	Faba-bean	Leaf	Glyphosate+Phosphorus	2	Glyphosate	Phosphorus	Late	Faba-beanLeafGlyphosate+PhosphorusLate
s2l4re_53_CTGGCAATCCTC	Faba-bean	Leaf	Glyphosate+Phosphorus	3	Glyphosate	Phosphorus	Late	Faba-beanLeafGlyphosate+PhosphorusLate
s2l4re_54_CCGGAGAATCGC	Faba-bean	Leaf	Glyphosate+Phosphorus	4	Glyphosate	Phosphorus	Late	Faba-beanLeafGlyphosate+PhosphorusLate
s2l4re_55_TCCACCTCCTC	Faba-bean	Leaf	Glyphosate+Phosphorus	5	Glyphosate	Phosphorus	Late	Faba-beanLeafGlyphosate+PhosphorusLate
s2l4re_56_CAGCATTAATTC	Faba-bean	Leaf	Glyphosate+Phosphorus	6	Glyphosate	Phosphorus	Late	Faba-beanLeafGlyphosate+PhosphorusLate
s2l4re_57_TCTGGCAACGGC	Faba-bean	Leaf	Glyphosate+Phosphorus	8	Glyphosate	Phosphorus	Late	Faba-beanLeafGlyphosate+PhosphorusLate
s2l4re_58_TCCTAGAACAC	Faba-bean	Leaf	Glyphosate+Phosphorus	9	Glyphosate	Phosphorus	Late	Faba-beanLeafGlyphosate+PhosphorusLate
s2l4re_59_TCCTTGATGTTC	Faba-bean	Leaf	Glyphosate+Phosphorus	10	Glyphosate	Phosphorus	Late	Faba-beanLeafGlyphosate+PhosphorusLate
s2l4re_6_CTGCAAGTTC	Faba-bean	Nodule	Control	6	Control	No-phosphorus	Late	Faba-beanNoduleControlLate
s2l4re_60_TCTAGCTCTTC	Faba-bean	Leaf	Glyphosate+Phosphorus	11	Glyphosate	Phosphorus	Late	Faba-beanLeafGlyphosate+PhosphorusLate
s2l4re_61_TCACTCGGATC	Faba-bean	Nodule	Phosphorus	1	Control	Phosphorus	Late	Faba-beanNodulePhosphorusLate
s2l4re_62_TTCCTGCTTCAC	Faba-bean	Nodule	Phosphorus	2	Control	Phosphorus	Late	Faba-beanNodulePhosphorusLate
s2l4re_63_CCTTAGAGTTC	Faba-bean	Nodule	Phosphorus	3	Control	Phosphorus	Late	Faba-beanNodulePhosphorusLate
s2l4re_64_CTGAGTTCCGAC	Faba-bean	Nodule	Phosphorus	4	Control	Phosphorus	Late	Faba-beanNodulePhosphorusLate
s2l4re_65_TCCTGGCACATC	Faba-bean	Nodule	Phosphorus	5	Control	Phosphorus	Late	Faba-beanNodulePhosphorusLate
s2l4re_66_CCGCAATCATC	Faba-bean	Nodule	Phosphorus	6	Control	Phosphorus	Late	Faba-beanNodulePhosphorusLate
s2l4re_67_TTCCTACCAGTC	Faba-bean	Nodule	Phosphorus	8	Control	Phosphorus	Late	Faba-beanNodulePhosphorusLate
s2l4re_68_TCAAGAAGTTC	Faba-bean	Nodule	Phosphorus	9	Control	Phosphorus	Late	Faba-beanNodulePhosphorusLate
s2l4re_69_TTCAATTGGC	Faba-bean	Nodule	Phosphorus	10	Control	Phosphorus	Late	Faba-beanNodulePhosphorusLate
s2l4re_7_TTCGTGATTC	Faba-bean	Nodule	Control	8	Control	No-phosphorus	Late	Faba-beanNoduleControlLate
s2l4re_70_CCTACTGGTC	Faba-bean	Nodule	Phosphorus	11	Control	Phosphorus	Late	Faba-beanNodulePhosphorusLate
s2l4re_71_TGAGGCTCCGAC	Faba-bean	Nodule	Glyphosate+Phosphorus	1	Glyphosate	Phosphorus	Late	Faba-beanNoduleGlyphosate+PhosphorusLate
s2l4re_72_CGAAGGCCACAC	Faba-bean	Nodule	Glyphosate+Phosphorus	2	Glyphosate	Phosphorus	Late	Faba-beanNoduleGlyphosate+PhosphorusLate
s2l4re_73_TCTGCCTGTC	Faba-bean	Nodule	Glyphosate+Phosphorus	3	Glyphosate	Phosphorus	Late	Faba-beanNoduleGlyphosate+PhosphorusLate
s2l4re_74_CGATCGGTTC	Faba-bean	Nodule	Glyphosate+Phosphorus	4	Glyphosate	Phosphorus	Late	Faba-beanNoduleGlyphosate+PhosphorusLate
s2l4re_75_TCAGGAATAC	Faba-bean	Nodule	Glyphosate+Phosphorus	5	Glyphosate	Phosphorus	Late	Faba-beanNoduleGlyphosate+PhosphorusLate
s2l4re_76_CGGAAGAACCTC	Faba-bean	Nodule	Glyphosate+Phosphorus	8	Glyphosate	Phosphorus	Late	Faba-beanNoduleGlyphosate+PhosphorusLate
s2l4re_77_CGAAGCGATTC	Faba-bean	Nodule	Glyphosate+Phosphorus	9	Glyphosate	Phosphorus	Late	Faba-beanNoduleGlyphosate+PhosphorusLate
s2l4re_78_CAGCCAATTCTC	Faba-bean	Nodule	Glyphosate+Phosphorus	10	Glyphosate	Phosphorus	Late	Faba-beanNoduleGlyphosate+PhosphorusLate
s2l4re_79_CCTGGTTGTC	Faba-bean	Nodule	Glyphosate+Phosphorus	11	Glyphosate	Phosphorus	Late	Faba-beanNoduleGlyphosate+PhosphorusLate
s2l4re_8_TTCCGATAAC	Faba-bean	Nodule	Control	9	Control	No-phosphorus	Late	Faba-beanNoduleControlLate
s2l4re_9_TGAGCGGAAC	Faba-bean	Nodule	Control	10	Control	No-phosphorus	Late	Faba-beanNoduleControlLate
